Region,Province,Age_Group,Male,Female,,
CORDILLERA ADMINISTRATIVE REGION (CAR),ABRA,35 - 39,8721,7888,,
CORDILLERA ADMINISTRATIVE REGION (CAR),ABRA,>= 80,1586,2992,,
CORDILLERA ADMINISTRATIVE REGION (CAR),ABRA,65 - 69,3514,3892,,
CORDILLERA ADMINISTRATIVE REGION (CAR),ABRA,60 - 64,4905,4934,,
CORDILLERA ADMINISTRATIVE REGION (CAR),ABRA,55 - 59,5504,5440,,
CORDILLERA ADMINISTRATIVE REGION (CAR),ABRA,50 - 54,6300,5828,,
CORDILLERA ADMINISTRATIVE REGION (CAR),ABRA,45 - 49,6525,6095,,
CORDILLERA ADMINISTRATIVE REGION (CAR),ABRA,40 - 44,7833,7021,,
CORDILLERA ADMINISTRATIVE REGION (CAR),ABRA,30 - 34,9334,8684,,
CORDILLERA ADMINISTRATIVE REGION (CAR),ABRA,25 - 29,10242,9539,,
CORDILLERA ADMINISTRATIVE REGION (CAR),ABRA,20 - 24,10905,10118,,
CORDILLERA ADMINISTRATIVE REGION (CAR),ABRA,15 - 19,13020,12308,,
CORDILLERA ADMINISTRATIVE REGION (CAR),ABRA,10 - 14,12969,12201,,
CORDILLERA ADMINISTRATIVE REGION (CAR),ABRA,5 - 9,12530,11595,,
CORDILLERA ADMINISTRATIVE REGION (CAR),ABRA,0 - 4,10326,9495,,
CORDILLERA ADMINISTRATIVE REGION (CAR),ABRA,75 - 79,1215,1870,,
CORDILLERA ADMINISTRATIVE REGION (CAR),ABRA,70 - 74,2203,2777,,
REGION XIII (CARAGA),AGUSAN DEL NORTE,>= 80,2574,4180,,
REGION XIII (CARAGA),AGUSAN DEL NORTE,75 - 79,2782,3936,,
REGION XIII (CARAGA),AGUSAN DEL NORTE,5 - 9,43146,39853,,
REGION XIII (CARAGA),AGUSAN DEL NORTE,0 - 4,37701,35169,,
REGION XIII (CARAGA),AGUSAN DEL NORTE,65 - 69,8292,9117,,
REGION XIII (CARAGA),AGUSAN DEL NORTE,60 - 64,12119,12566,,
REGION XIII (CARAGA),AGUSAN DEL NORTE,55 - 59,15118,15222,,
REGION XIII (CARAGA),AGUSAN DEL NORTE,50 - 54,17537,17140,,
REGION XIII (CARAGA),AGUSAN DEL NORTE,45 - 49,19031,18147,,
REGION XIII (CARAGA),AGUSAN DEL NORTE,40 - 44,21687,20165,,
REGION XIII (CARAGA),AGUSAN DEL NORTE,70 - 74,5047,6116,,
REGION XIII (CARAGA),AGUSAN DEL NORTE,30 - 34,28789,26640,,
REGION XIII (CARAGA),AGUSAN DEL NORTE,25 - 29,31427,29800,,
REGION XIII (CARAGA),AGUSAN DEL NORTE,20 - 24,34723,33548,,
REGION XIII (CARAGA),AGUSAN DEL NORTE,15 - 19,39559,37791,,
REGION XIII (CARAGA),AGUSAN DEL NORTE,10 - 14,42540,39828,,
REGION XIII (CARAGA),AGUSAN DEL NORTE,35 - 39,23915,21916,,
REGION XIII (CARAGA),AGUSAN DEL SUR,70 - 74,4199,4684,,
REGION XIII (CARAGA),AGUSAN DEL SUR,65 - 69,7029,7053,,
REGION XIII (CARAGA),AGUSAN DEL SUR,60 - 64,10753,10349,,
REGION XIII (CARAGA),AGUSAN DEL SUR,55 - 59,13822,12823,,
REGION XIII (CARAGA),AGUSAN DEL SUR,50 - 54,16278,14937,,
REGION XIII (CARAGA),AGUSAN DEL SUR,45 - 49,18261,16130,,
REGION XIII (CARAGA),AGUSAN DEL SUR,40 - 44,20170,17524,,
REGION XIII (CARAGA),AGUSAN DEL SUR,25 - 29,30650,28130,,
REGION XIII (CARAGA),AGUSAN DEL SUR,30 - 34,28118,24072,,
REGION XIII (CARAGA),AGUSAN DEL SUR,20 - 24,32276,30334,,
REGION XIII (CARAGA),AGUSAN DEL SUR,15 - 19,39904,37727,,
REGION XIII (CARAGA),AGUSAN DEL SUR,10 - 14,44831,41889,,
REGION XIII (CARAGA),AGUSAN DEL SUR,0 - 4,42070,39072,,
REGION XIII (CARAGA),AGUSAN DEL SUR,75 - 79,2417,3134,,
REGION XIII (CARAGA),AGUSAN DEL SUR,35 - 39,23247,19798,,
REGION XIII (CARAGA),AGUSAN DEL SUR,5 - 9,47137,43967,,
REGION XIII (CARAGA),AGUSAN DEL SUR,>= 80,2132,3074,,
REGION VI (WESTERN VISAYAS),AKLAN,40 - 44,19027,17003,,
REGION VI (WESTERN VISAYAS),AKLAN,15 - 19,29721,27995,,
REGION VI (WESTERN VISAYAS),AKLAN,20 - 24,28831,26652,,
REGION VI (WESTERN VISAYAS),AKLAN,25 - 29,26449,24430,,
REGION VI (WESTERN VISAYAS),AKLAN,30 - 34,23776,21727,,
REGION VI (WESTERN VISAYAS),AKLAN,35 - 39,21370,19306,,
REGION VI (WESTERN VISAYAS),AKLAN,0 - 4,29275,27456,,
REGION VI (WESTERN VISAYAS),AKLAN,45 - 49,15977,14672,,
REGION VI (WESTERN VISAYAS),AKLAN,50 - 54,14522,13903,,
REGION VI (WESTERN VISAYAS),AKLAN,55 - 59,12300,12298,,
REGION VI (WESTERN VISAYAS),AKLAN,60 - 64,10086,10922,,
REGION VI (WESTERN VISAYAS),AKLAN,65 - 69,7561,8617,,
REGION VI (WESTERN VISAYAS),AKLAN,70 - 74,4867,6896,,
REGION VI (WESTERN VISAYAS),AKLAN,75 - 79,2994,5093,,
REGION VI (WESTERN VISAYAS),AKLAN,>= 80,2548,6455,,
REGION VI (WESTERN VISAYAS),AKLAN,5 - 9,30727,28298,,
REGION VI (WESTERN VISAYAS),AKLAN,10 - 14,31769,29462,,
REGION V (BICOL REGION),ALBAY,75 - 79,5273,8859,,
REGION V (BICOL REGION),ALBAY,70 - 74,9831,13701,,
REGION V (BICOL REGION),ALBAY,65 - 69,14939,17607,,
REGION V (BICOL REGION),ALBAY,60 - 64,20691,23002,,
REGION V (BICOL REGION),ALBAY,55 - 59,26083,26393,,
REGION V (BICOL REGION),ALBAY,50 - 54,31245,30794,,
REGION V (BICOL REGION),ALBAY,45 - 49,33943,33355,,
REGION V (BICOL REGION),ALBAY,40 - 44,39786,37951,,
REGION V (BICOL REGION),ALBAY,35 - 39,42484,40349,,
REGION V (BICOL REGION),ALBAY,30 - 34,46407,44333,,
REGION V (BICOL REGION),ALBAY,25 - 29,52530,50244,,
REGION V (BICOL REGION),ALBAY,20 - 24,63371,59700,,
REGION V (BICOL REGION),ALBAY,15 - 19,76236,72641,,
REGION V (BICOL REGION),ALBAY,10 - 14,78124,72624,,
REGION V (BICOL REGION),ALBAY,>= 80,4018,9554,,
REGION V (BICOL REGION),ALBAY,0 - 4,71829,66859,,
REGION V (BICOL REGION),ALBAY,5 - 9,77212,70582,,
REGION VI (WESTERN VISAYAS),ANTIQUE,0 - 4,31973,29982,,
REGION VI (WESTERN VISAYAS),ANTIQUE,75 - 79,3142,5016,,
REGION VI (WESTERN VISAYAS),ANTIQUE,70 - 74,4760,6555,,
REGION VI (WESTERN VISAYAS),ANTIQUE,65 - 69,7358,8628,,
REGION VI (WESTERN VISAYAS),ANTIQUE,60 - 64,10396,11071,,
REGION VI (WESTERN VISAYAS),ANTIQUE,55 - 59,12667,12768,,
REGION VI (WESTERN VISAYAS),ANTIQUE,50 - 54,14230,14029,,
REGION VI (WESTERN VISAYAS),ANTIQUE,45 - 49,15996,14508,,
REGION VI (WESTERN VISAYAS),ANTIQUE,30 - 34,22222,19996,,
REGION VI (WESTERN VISAYAS),ANTIQUE,25 - 29,24549,22278,,
REGION VI (WESTERN VISAYAS),ANTIQUE,20 - 24,28015,25783,,
REGION VI (WESTERN VISAYAS),ANTIQUE,15 - 19,31323,29421,,
REGION VI (WESTERN VISAYAS),ANTIQUE,10 - 14,31955,29708,,
REGION VI (WESTERN VISAYAS),ANTIQUE,5 - 9,32294,30038,,
REGION VI (WESTERN VISAYAS),ANTIQUE,35 - 39,19749,17609,,
REGION VI (WESTERN VISAYAS),ANTIQUE,>= 80,2966,6317,,
REGION VI (WESTERN VISAYAS),ANTIQUE,40 - 44,18157,16019,,
CORDILLERA ADMINISTRATIVE REGION (CAR),APAYAO,>= 80,608,985,,
CORDILLERA ADMINISTRATIVE REGION (CAR),APAYAO,0 - 4,5824,5345,,
CORDILLERA ADMINISTRATIVE REGION (CAR),APAYAO,5 - 9,6375,5713,,
CORDILLERA ADMINISTRATIVE REGION (CAR),APAYAO,10 - 14,6812,6200,,
CORDILLERA ADMINISTRATIVE REGION (CAR),APAYAO,15 - 19,6396,6080,,
CORDILLERA ADMINISTRATIVE REGION (CAR),APAYAO,20 - 24,6018,5614,,
CORDILLERA ADMINISTRATIVE REGION (CAR),APAYAO,25 - 29,5342,4763,,
CORDILLERA ADMINISTRATIVE REGION (CAR),APAYAO,30 - 34,4628,4097,,
CORDILLERA ADMINISTRATIVE REGION (CAR),APAYAO,35 - 39,4173,3787,,
CORDILLERA ADMINISTRATIVE REGION (CAR),APAYAO,40 - 44,3856,3461,,
CORDILLERA ADMINISTRATIVE REGION (CAR),APAYAO,45 - 49,3522,3191,,
CORDILLERA ADMINISTRATIVE REGION (CAR),APAYAO,50 - 54,3070,2664,,
CORDILLERA ADMINISTRATIVE REGION (CAR),APAYAO,55 - 59,2608,2427,,
CORDILLERA ADMINISTRATIVE REGION (CAR),APAYAO,60 - 64,2116,2098,,
CORDILLERA ADMINISTRATIVE REGION (CAR),APAYAO,65 - 69,1426,1534,,
CORDILLERA ADMINISTRATIVE REGION (CAR),APAYAO,70 - 74,892,1062,,
CORDILLERA ADMINISTRATIVE REGION (CAR),APAYAO,75 - 79,555,695,,
REGION III (CENTRAL LUZON),AURORA,>= 80,676,1324,,
REGION III (CENTRAL LUZON),AURORA,15 - 19,12155,11636,,
REGION III (CENTRAL LUZON),AURORA,20 - 24,10847,10313,,
REGION III (CENTRAL LUZON),AURORA,25 - 29,9500,9075,,
REGION III (CENTRAL LUZON),AURORA,30 - 34,8663,8065,,
REGION III (CENTRAL LUZON),AURORA,35 - 39,7497,6943,,
REGION III (CENTRAL LUZON),AURORA,40 - 44,6846,6420,,
REGION III (CENTRAL LUZON),AURORA,45 - 49,6415,6004,,
REGION III (CENTRAL LUZON),AURORA,55 - 59,4883,4335,,
REGION III (CENTRAL LUZON),AURORA,60 - 64,3749,3761,,
REGION III (CENTRAL LUZON),AURORA,65 - 69,2567,2733,,
REGION III (CENTRAL LUZON),AURORA,70 - 74,1545,1896,,
REGION III (CENTRAL LUZON),AURORA,75 - 79,832,1207,,
REGION III (CENTRAL LUZON),AURORA,0 - 4,12135,11468,,
REGION III (CENTRAL LUZON),AURORA,50 - 54,5754,5272,,
REGION III (CENTRAL LUZON),AURORA,10 - 14,13198,12260,,
REGION III (CENTRAL LUZON),AURORA,5 - 9,13004,12013,,
REGION IV-A (CALABARZON),BATANGAS,75 - 79,9311,17004,,
REGION IV-A (CALABARZON),BATANGAS,>= 80,8175,19911,,
REGION IV-A (CALABARZON),BATANGAS,0 - 4,143016,132864,,
REGION IV-A (CALABARZON),BATANGAS,5 - 9,143832,131562,,
REGION IV-A (CALABARZON),BATANGAS,10 - 14,142327,131688,,
REGION IV-A (CALABARZON),BATANGAS,15 - 19,140241,132206,,
REGION IV-A (CALABARZON),BATANGAS,20 - 24,141368,136198,,
REGION IV-A (CALABARZON),BATANGAS,25 - 29,130025,127342,,
REGION IV-A (CALABARZON),BATANGAS,30 - 34,112325,109149,,
REGION IV-A (CALABARZON),BATANGAS,40 - 44,93891,91337,,
REGION IV-A (CALABARZON),BATANGAS,45 - 49,79031,77007,,
REGION IV-A (CALABARZON),BATANGAS,50 - 54,68192,68204,,
REGION IV-A (CALABARZON),BATANGAS,55 - 59,53874,55335,,
REGION IV-A (CALABARZON),BATANGAS,60 - 64,43131,47188,,
REGION IV-A (CALABARZON),BATANGAS,65 - 69,29411,36589,,
REGION IV-A (CALABARZON),BATANGAS,35 - 39,103200,101978,,
REGION IV-A (CALABARZON),BATANGAS,70 - 74,18445,27498,,
AUTONOMOUS REGION IN MUSLIM MINDANAO (ARMM),BASILAN,0 - 4,32675,31304,,
AUTONOMOUS REGION IN MUSLIM MINDANAO (ARMM),BASILAN,>= 80,535,783,,
AUTONOMOUS REGION IN MUSLIM MINDANAO (ARMM),BASILAN,75 - 79,605,715,,
AUTONOMOUS REGION IN MUSLIM MINDANAO (ARMM),BASILAN,65 - 69,2218,2310,,
AUTONOMOUS REGION IN MUSLIM MINDANAO (ARMM),BASILAN,60 - 64,3172,3084,,
AUTONOMOUS REGION IN MUSLIM MINDANAO (ARMM),BASILAN,55 - 59,4460,4156,,
AUTONOMOUS REGION IN MUSLIM MINDANAO (ARMM),BASILAN,50 - 54,6329,5883,,
AUTONOMOUS REGION IN MUSLIM MINDANAO (ARMM),BASILAN,70 - 74,1170,1241,,
AUTONOMOUS REGION IN MUSLIM MINDANAO (ARMM),BASILAN,35 - 39,11371,12284,,
AUTONOMOUS REGION IN MUSLIM MINDANAO (ARMM),BASILAN,40 - 44,9670,9838,,
AUTONOMOUS REGION IN MUSLIM MINDANAO (ARMM),BASILAN,5 - 9,31474,30162,,
AUTONOMOUS REGION IN MUSLIM MINDANAO (ARMM),BASILAN,10 - 14,28765,27817,,
AUTONOMOUS REGION IN MUSLIM MINDANAO (ARMM),BASILAN,45 - 49,8305,7987,,
AUTONOMOUS REGION IN MUSLIM MINDANAO (ARMM),BASILAN,20 - 24,19710,20395,,
AUTONOMOUS REGION IN MUSLIM MINDANAO (ARMM),BASILAN,25 - 29,16688,17729,,
AUTONOMOUS REGION IN MUSLIM MINDANAO (ARMM),BASILAN,30 - 34,13222,14004,,
AUTONOMOUS REGION IN MUSLIM MINDANAO (ARMM),BASILAN,15 - 19,22732,22318,,
REGION III (CENTRAL LUZON),BATAAN,70 - 74,5782,7151,,
REGION III (CENTRAL LUZON),BATAAN,65 - 69,9193,10875,,
REGION III (CENTRAL LUZON),BATAAN,60 - 64,13696,14904,,
REGION III (CENTRAL LUZON),BATAAN,55 - 59,16565,17250,,
REGION III (CENTRAL LUZON),BATAAN,50 - 54,19907,20279,,
REGION III (CENTRAL LUZON),BATAAN,45 - 49,22096,21609,,
REGION III (CENTRAL LUZON),BATAAN,35 - 39,29494,29185,,
REGION III (CENTRAL LUZON),BATAAN,30 - 34,32550,31334,,
REGION III (CENTRAL LUZON),BATAAN,25 - 29,36120,34941,,
REGION III (CENTRAL LUZON),BATAAN,15 - 19,39859,37766,,
REGION III (CENTRAL LUZON),BATAAN,10 - 14,43715,40673,,
REGION III (CENTRAL LUZON),BATAAN,5 - 9,44313,41137,,
REGION III (CENTRAL LUZON),BATAAN,0 - 4,44152,41562,,
REGION III (CENTRAL LUZON),BATAAN,40 - 44,26589,26321,,
REGION III (CENTRAL LUZON),BATAAN,20 - 24,40365,38116,,
REGION III (CENTRAL LUZON),BATAAN,75 - 79,2340,3543,,
REGION III (CENTRAL LUZON),BATAAN,>= 80,2009,4184,,
REGION II (CAGAYAN VALLEY),BATANES,0 - 4,684,658,,
REGION II (CAGAYAN VALLEY),BATANES,70 - 74,160,226,,
REGION II (CAGAYAN VALLEY),BATANES,65 - 69,262,298,,
REGION II (CAGAYAN VALLEY),BATANES,60 - 64,323,356,,
REGION II (CAGAYAN VALLEY),BATANES,55 - 59,468,425,,
REGION II (CAGAYAN VALLEY),BATANES,50 - 54,540,486,,
REGION II (CAGAYAN VALLEY),BATANES,45 - 49,614,578,,
REGION II (CAGAYAN VALLEY),BATANES,40 - 44,651,542,,
REGION II (CAGAYAN VALLEY),BATANES,35 - 39,620,582,,
REGION II (CAGAYAN VALLEY),BATANES,30 - 34,696,607,,
REGION II (CAGAYAN VALLEY),BATANES,25 - 29,825,669,,
REGION II (CAGAYAN VALLEY),BATANES,20 - 24,859,746,,
REGION II (CAGAYAN VALLEY),BATANES,15 - 19,916,874,,
REGION II (CAGAYAN VALLEY),BATANES,10 - 14,863,793,,
REGION II (CAGAYAN VALLEY),BATANES,5 - 9,828,690,,
REGION II (CAGAYAN VALLEY),BATANES,75 - 79,114,202,,
REGION II (CAGAYAN VALLEY),BATANES,>= 80,118,320,,
CORDILLERA ADMINISTRATIVE REGION (CAR),BENGUET,>= 80,2572,5044,,
CORDILLERA ADMINISTRATIVE REGION (CAR),BENGUET,0 - 4,36687,34486,,
CORDILLERA ADMINISTRATIVE REGION (CAR),BENGUET,5 - 9,38328,35112,,
CORDILLERA ADMINISTRATIVE REGION (CAR),BENGUET,10 - 14,38142,36301,,
CORDILLERA ADMINISTRATIVE REGION (CAR),BENGUET,15 - 19,39612,38704,,
CORDILLERA ADMINISTRATIVE REGION (CAR),BENGUET,20 - 24,42581,41864,,
CORDILLERA ADMINISTRATIVE REGION (CAR),BENGUET,25 - 29,40112,37971,,
CORDILLERA ADMINISTRATIVE REGION (CAR),BENGUET,30 - 34,35763,33285,,
CORDILLERA ADMINISTRATIVE REGION (CAR),BENGUET,35 - 39,31424,28859,,
CORDILLERA ADMINISTRATIVE REGION (CAR),BENGUET,45 - 49,21333,20026,,
CORDILLERA ADMINISTRATIVE REGION (CAR),BENGUET,50 - 54,19328,19198,,
CORDILLERA ADMINISTRATIVE REGION (CAR),BENGUET,55 - 59,16642,16551,,
CORDILLERA ADMINISTRATIVE REGION (CAR),BENGUET,60 - 64,12941,13529,,
CORDILLERA ADMINISTRATIVE REGION (CAR),BENGUET,65 - 69,8428,9782,,
CORDILLERA ADMINISTRATIVE REGION (CAR),BENGUET,70 - 74,5074,6340,,
CORDILLERA ADMINISTRATIVE REGION (CAR),BENGUET,40 - 44,25762,24158,,
CORDILLERA ADMINISTRATIVE REGION (CAR),BENGUET,75 - 79,2673,4007,,
REGION VIII (EASTERN VISAYAS),BILIRAN,>= 80,774,1522,,
REGION VIII (EASTERN VISAYAS),BILIRAN,70 - 74,1540,1938,,
REGION VIII (EASTERN VISAYAS),BILIRAN,65 - 69,2181,2510,,
REGION VIII (EASTERN VISAYAS),BILIRAN,60 - 64,3040,3083,,
REGION VIII (EASTERN VISAYAS),BILIRAN,55 - 59,3705,3680,,
REGION VIII (EASTERN VISAYAS),BILIRAN,50 - 54,4274,4186,,
REGION VIII (EASTERN VISAYAS),BILIRAN,45 - 49,4649,4254,,
REGION VIII (EASTERN VISAYAS),BILIRAN,35 - 39,5192,4777,,
REGION VIII (EASTERN VISAYAS),BILIRAN,30 - 34,5649,5245,,
REGION VIII (EASTERN VISAYAS),BILIRAN,25 - 29,6560,6160,,
REGION VIII (EASTERN VISAYAS),BILIRAN,20 - 24,7688,7294,,
REGION VIII (EASTERN VISAYAS),BILIRAN,15 - 19,9575,8921,,
REGION VIII (EASTERN VISAYAS),BILIRAN,10 - 14,10468,9658,,
REGION VIII (EASTERN VISAYAS),BILIRAN,5 - 9,10573,9788,,
REGION VIII (EASTERN VISAYAS),BILIRAN,0 - 4,9417,8639,,
REGION VIII (EASTERN VISAYAS),BILIRAN,75 - 79,893,1383,,
REGION VIII (EASTERN VISAYAS),BILIRAN,40 - 44,4880,4619,,
REGION VII (CENTRAL VISAYAS),BOHOL,40 - 44,40977,37836,,
REGION VII (CENTRAL VISAYAS),BOHOL,35 - 39,43577,40454,,
REGION VII (CENTRAL VISAYAS),BOHOL,15 - 19,73397,68835,,
REGION VII (CENTRAL VISAYAS),BOHOL,20 - 24,60662,56104,,
REGION VII (CENTRAL VISAYAS),BOHOL,25 - 29,52944,49755,,
REGION VII (CENTRAL VISAYAS),BOHOL,30 - 34,48448,45216,,
REGION VII (CENTRAL VISAYAS),BOHOL,0 - 4,68723,63857,,
REGION VII (CENTRAL VISAYAS),BOHOL,45 - 49,37547,35221,,
REGION VII (CENTRAL VISAYAS),BOHOL,50 - 54,33985,32710,,
REGION VII (CENTRAL VISAYAS),BOHOL,55 - 59,29846,29530,,
REGION VII (CENTRAL VISAYAS),BOHOL,60 - 64,24955,25711,,
REGION VII (CENTRAL VISAYAS),BOHOL,65 - 69,17716,20000,,
REGION VII (CENTRAL VISAYAS),BOHOL,70 - 74,12855,16127,,
REGION VII (CENTRAL VISAYAS),BOHOL,75 - 79,8718,12630,,
REGION VII (CENTRAL VISAYAS),BOHOL,10 - 14,73482,68266,,
REGION VII (CENTRAL VISAYAS),BOHOL,>= 80,7855,14301,,
REGION VII (CENTRAL VISAYAS),BOHOL,5 - 9,72209,66075,,
REGION X (NORTHERN MINDANAO),BUKIDNON,10 - 14,90325,85065,,
REGION X (NORTHERN MINDANAO),BUKIDNON,15 - 19,80861,76423,,
REGION X (NORTHERN MINDANAO),BUKIDNON,20 - 24,70877,66673,,
REGION X (NORTHERN MINDANAO),BUKIDNON,25 - 29,67148,60616,,
REGION X (NORTHERN MINDANAO),BUKIDNON,30 - 34,60849,53306,,
REGION X (NORTHERN MINDANAO),BUKIDNON,35 - 39,50224,43540,,
REGION X (NORTHERN MINDANAO),BUKIDNON,40 - 44,44606,38812,,
REGION X (NORTHERN MINDANAO),BUKIDNON,45 - 49,37576,33556,,
REGION X (NORTHERN MINDANAO),BUKIDNON,0 - 4,88353,82145,,
REGION X (NORTHERN MINDANAO),BUKIDNON,50 - 54,32230,29780,,
REGION X (NORTHERN MINDANAO),BUKIDNON,55 - 59,27097,24995,,
REGION X (NORTHERN MINDANAO),BUKIDNON,60 - 64,21398,20380,,
REGION X (NORTHERN MINDANAO),BUKIDNON,65 - 69,14330,14003,,
REGION X (NORTHERN MINDANAO),BUKIDNON,70 - 74,8355,8528,,
REGION X (NORTHERN MINDANAO),BUKIDNON,5 - 9,95683,89605,,
REGION X (NORTHERN MINDANAO),BUKIDNON,>= 80,4116,6149,,
REGION X (NORTHERN MINDANAO),BUKIDNON,75 - 79,4628,5397,,
REGION III (CENTRAL LUZON),BULACAN,10 - 14,187307,174702,,
REGION III (CENTRAL LUZON),BULACAN,15 - 19,174968,166404,,
REGION III (CENTRAL LUZON),BULACAN,20 - 24,178062,170410,,
REGION III (CENTRAL LUZON),BULACAN,25 - 29,164032,156055,,
REGION III (CENTRAL LUZON),BULACAN,30 - 34,143302,137616,,
REGION III (CENTRAL LUZON),BULACAN,35 - 39,130319,127929,,
REGION III (CENTRAL LUZON),BULACAN,0 - 4,179855,166389,,
REGION III (CENTRAL LUZON),BULACAN,40 - 44,122074,118865,,
REGION III (CENTRAL LUZON),BULACAN,50 - 54,90214,90932,,
REGION III (CENTRAL LUZON),BULACAN,55 - 59,72369,74669,,
REGION III (CENTRAL LUZON),BULACAN,60 - 64,56238,61506,,
REGION III (CENTRAL LUZON),BULACAN,65 - 69,37366,43995,,
REGION III (CENTRAL LUZON),BULACAN,70 - 74,22677,31078,,
REGION III (CENTRAL LUZON),BULACAN,75 - 79,10980,17698,,
REGION III (CENTRAL LUZON),BULACAN,45 - 49,101741,99802,,
REGION III (CENTRAL LUZON),BULACAN,5 - 9,187438,171191,,
REGION III (CENTRAL LUZON),BULACAN,>= 80,9094,19660,,
REGION II (CAGAYAN VALLEY),CAGAYAN,70 - 74,8943,12169,,
REGION II (CAGAYAN VALLEY),CAGAYAN,75 - 79,4955,7872,,
REGION II (CAGAYAN VALLEY),CAGAYAN,>= 80,5525,10994,,
REGION II (CAGAYAN VALLEY),CAGAYAN,60 - 64,22683,24442,,
REGION II (CAGAYAN VALLEY),CAGAYAN,55 - 59,27816,27746,,
REGION II (CAGAYAN VALLEY),CAGAYAN,50 - 54,31067,30202,,
REGION II (CAGAYAN VALLEY),CAGAYAN,40 - 44,39677,37683,,
REGION II (CAGAYAN VALLEY),CAGAYAN,35 - 39,42569,40538,,
REGION II (CAGAYAN VALLEY),CAGAYAN,45 - 49,35292,33016,,
REGION II (CAGAYAN VALLEY),CAGAYAN,25 - 29,52967,50831,,
REGION II (CAGAYAN VALLEY),CAGAYAN,20 - 24,58829,55837,,
REGION II (CAGAYAN VALLEY),CAGAYAN,15 - 19,61057,57558,,
REGION II (CAGAYAN VALLEY),CAGAYAN,10 - 14,65069,60955,,
REGION II (CAGAYAN VALLEY),CAGAYAN,5 - 9,64441,59259,,
REGION II (CAGAYAN VALLEY),CAGAYAN,0 - 4,56847,52889,,
REGION II (CAGAYAN VALLEY),CAGAYAN,30 - 34,46957,44722,,
REGION II (CAGAYAN VALLEY),CAGAYAN,65 - 69,15852,18281,,
REGION V (BICOL REGION),CAMARINES NORTE,50 - 54,14555,14001,,
REGION V (BICOL REGION),CAMARINES NORTE,75 - 79,2090,3653,,
REGION V (BICOL REGION),CAMARINES NORTE,>= 80,1519,3765,,
REGION V (BICOL REGION),CAMARINES NORTE,70 - 74,3940,5463,,
REGION V (BICOL REGION),CAMARINES NORTE,65 - 69,6558,7506,,
REGION V (BICOL REGION),CAMARINES NORTE,60 - 64,9763,9879,,
REGION V (BICOL REGION),CAMARINES NORTE,55 - 59,12074,11760,,
REGION V (BICOL REGION),CAMARINES NORTE,45 - 49,15205,14443,,
REGION V (BICOL REGION),CAMARINES NORTE,35 - 39,18549,17650,,
REGION V (BICOL REGION),CAMARINES NORTE,30 - 34,21400,19626,,
REGION V (BICOL REGION),CAMARINES NORTE,25 - 29,23461,22597,,
REGION V (BICOL REGION),CAMARINES NORTE,20 - 24,27711,26311,,
REGION V (BICOL REGION),CAMARINES NORTE,15 - 19,33059,31535,,
REGION V (BICOL REGION),CAMARINES NORTE,10 - 14,36272,34157,,
REGION V (BICOL REGION),CAMARINES NORTE,0 - 4,38029,35363,,
REGION V (BICOL REGION),CAMARINES NORTE,40 - 44,17288,16347,,
REGION V (BICOL REGION),CAMARINES NORTE,5 - 9,38149,35129,,
REGION V (BICOL REGION),CAMARINES SUR,10 - 14,121893,113477,,
REGION V (BICOL REGION),CAMARINES SUR,5 - 9,122977,113061,,
REGION V (BICOL REGION),CAMARINES SUR,15 - 19,117038,111269,,
REGION V (BICOL REGION),CAMARINES SUR,20 - 24,93040,87816,,
REGION V (BICOL REGION),CAMARINES SUR,25 - 29,76723,72928,,
REGION V (BICOL REGION),CAMARINES SUR,30 - 34,68867,64362,,
REGION V (BICOL REGION),CAMARINES SUR,35 - 39,60848,57138,,
REGION V (BICOL REGION),CAMARINES SUR,40 - 44,56218,53236,,
REGION V (BICOL REGION),CAMARINES SUR,45 - 49,47775,46486,,
REGION V (BICOL REGION),CAMARINES SUR,50 - 54,43844,43315,,
REGION V (BICOL REGION),CAMARINES SUR,55 - 59,36998,37551,,
REGION V (BICOL REGION),CAMARINES SUR,60 - 64,29944,32314,,
REGION V (BICOL REGION),CAMARINES SUR,65 - 69,21252,24908,,
REGION V (BICOL REGION),CAMARINES SUR,70 - 74,13488,18700,,
REGION V (BICOL REGION),CAMARINES SUR,75 - 79,7370,12162,,
REGION V (BICOL REGION),CAMARINES SUR,>= 80,5816,12885,,
REGION V (BICOL REGION),CAMARINES SUR,0 - 4,122357,114221,,
REGION X (NORTHERN MINDANAO),CAMIGUIN,5 - 9,5193,4850,,
REGION X (NORTHERN MINDANAO),CAMIGUIN,0 - 4,4609,4291,,
REGION X (NORTHERN MINDANAO),CAMIGUIN,75 - 79,535,787,,
REGION X (NORTHERN MINDANAO),CAMIGUIN,10 - 14,5063,4645,,
REGION X (NORTHERN MINDANAO),CAMIGUIN,15 - 19,4646,4458,,
REGION X (NORTHERN MINDANAO),CAMIGUIN,20 - 24,3831,3576,,
REGION X (NORTHERN MINDANAO),CAMIGUIN,>= 80,475,936,,
REGION X (NORTHERN MINDANAO),CAMIGUIN,30 - 34,3047,2799,,
REGION X (NORTHERN MINDANAO),CAMIGUIN,35 - 39,2820,2579,,
REGION X (NORTHERN MINDANAO),CAMIGUIN,25 - 29,3314,3312,,
REGION X (NORTHERN MINDANAO),CAMIGUIN,45 - 49,2490,2401,,
REGION X (NORTHERN MINDANAO),CAMIGUIN,50 - 54,2446,2353,,
REGION X (NORTHERN MINDANAO),CAMIGUIN,55 - 59,2179,2078,,
REGION X (NORTHERN MINDANAO),CAMIGUIN,60 - 64,1696,1667,,
REGION X (NORTHERN MINDANAO),CAMIGUIN,65 - 69,1222,1330,,
REGION X (NORTHERN MINDANAO),CAMIGUIN,70 - 74,835,1030,,
REGION X (NORTHERN MINDANAO),CAMIGUIN,40 - 44,2730,2473,,
REGION VI (WESTERN VISAYAS),CAPIZ,10 - 14,40062,36859,,
REGION VI (WESTERN VISAYAS),CAPIZ,15 - 19,39725,37965,,
REGION VI (WESTERN VISAYAS),CAPIZ,20 - 24,38026,36018,,
REGION VI (WESTERN VISAYAS),CAPIZ,25 - 29,33988,31723,,
REGION VI (WESTERN VISAYAS),CAPIZ,30 - 34,30095,27010,,
REGION VI (WESTERN VISAYAS),CAPIZ,35 - 39,26944,24110,,
REGION VI (WESTERN VISAYAS),CAPIZ,40 - 44,24913,22247,,
REGION VI (WESTERN VISAYAS),CAPIZ,75 - 79,3922,6487,,
REGION VI (WESTERN VISAYAS),CAPIZ,55 - 59,17542,17373,,
REGION VI (WESTERN VISAYAS),CAPIZ,60 - 64,14229,15452,,
REGION VI (WESTERN VISAYAS),CAPIZ,65 - 69,10362,12278,,
REGION VI (WESTERN VISAYAS),CAPIZ,70 - 74,6394,8758,,
REGION VI (WESTERN VISAYAS),CAPIZ,5 - 9,38796,36193,,
REGION VI (WESTERN VISAYAS),CAPIZ,>= 80,3498,8016,,
REGION VI (WESTERN VISAYAS),CAPIZ,45 - 49,21747,19880,,
REGION VI (WESTERN VISAYAS),CAPIZ,0 - 4,38055,35859,,
REGION VI (WESTERN VISAYAS),CAPIZ,50 - 54,19903,19450,,
REGION V (BICOL REGION),CATANDUANES,75 - 79,1305,2099,,
REGION V (BICOL REGION),CATANDUANES,>= 80,1173,2585,,
REGION V (BICOL REGION),CATANDUANES,5 - 9,15821,14795,,
REGION V (BICOL REGION),CATANDUANES,10 - 14,15815,14641,,
REGION V (BICOL REGION),CATANDUANES,15 - 19,15588,14234,,
REGION V (BICOL REGION),CATANDUANES,20 - 24,12279,11144,,
REGION V (BICOL REGION),CATANDUANES,25 - 29,9958,9204,,
REGION V (BICOL REGION),CATANDUANES,30 - 34,8527,8066,,
REGION V (BICOL REGION),CATANDUANES,0 - 4,15259,14098,,
REGION V (BICOL REGION),CATANDUANES,40 - 44,7217,6796,,
REGION V (BICOL REGION),CATANDUANES,45 - 49,6760,6123,,
REGION V (BICOL REGION),CATANDUANES,50 - 54,6341,5907,,
REGION V (BICOL REGION),CATANDUANES,55 - 59,5412,5087,,
REGION V (BICOL REGION),CATANDUANES,60 - 64,4292,4199,,
REGION V (BICOL REGION),CATANDUANES,65 - 69,2940,3418,,
REGION V (BICOL REGION),CATANDUANES,35 - 39,7870,7194,,
REGION V (BICOL REGION),CATANDUANES,70 - 74,1931,2697,,
REGION IV-A (CALABARZON),CAVITE,70 - 74,23035,32689,,
REGION IV-A (CALABARZON),CAVITE,65 - 69,39350,48626,,
REGION IV-A (CALABARZON),CAVITE,60 - 64,61490,70689,,
REGION IV-A (CALABARZON),CAVITE,55 - 59,80613,87583,,
REGION IV-A (CALABARZON),CAVITE,50 - 54,101244,105867,,
REGION IV-A (CALABARZON),CAVITE,45 - 49,119823,120253,,
REGION IV-A (CALABARZON),CAVITE,30 - 34,183749,180098,,
REGION IV-A (CALABARZON),CAVITE,35 - 39,166403,166603,,
REGION IV-A (CALABARZON),CAVITE,75 - 79,10534,18181,,
REGION IV-A (CALABARZON),CAVITE,25 - 29,196029,192473,,
REGION IV-A (CALABARZON),CAVITE,20 - 24,204168,199364,,
REGION IV-A (CALABARZON),CAVITE,15 - 19,194264,185814,,
REGION IV-A (CALABARZON),CAVITE,10 - 14,205658,191974,,
REGION IV-A (CALABARZON),CAVITE,5 - 9,210400,194344,,
REGION IV-A (CALABARZON),CAVITE,0 - 4,207692,193885,,
REGION IV-A (CALABARZON),CAVITE,40 - 44,147703,149195,,
REGION IV-A (CALABARZON),CAVITE,>= 80,8675,20195,,
REGION VII (CENTRAL VISAYAS),CEBU,15 - 19,248753,238510,,
REGION VII (CENTRAL VISAYAS),CEBU,5 - 9,278213,257228,,
REGION VII (CENTRAL VISAYAS),CEBU,10 - 14,266438,248646,,
REGION VII (CENTRAL VISAYAS),CEBU,20 - 24,245227,239825,,
REGION VII (CENTRAL VISAYAS),CEBU,25 - 29,233144,227533,,
REGION VII (CENTRAL VISAYAS),CEBU,30 - 34,203435,192727,,
REGION VII (CENTRAL VISAYAS),CEBU,40 - 44,152871,146382,,
REGION VII (CENTRAL VISAYAS),CEBU,45 - 49,129010,125246,,
REGION VII (CENTRAL VISAYAS),CEBU,50 - 54,109617,108607,,
REGION VII (CENTRAL VISAYAS),CEBU,55 - 59,92163,93442,,
REGION VII (CENTRAL VISAYAS),CEBU,60 - 64,71930,77357,,
REGION VII (CENTRAL VISAYAS),CEBU,65 - 69,50328,59021,,
REGION VII (CENTRAL VISAYAS),CEBU,70 - 74,30615,39323,,
REGION VII (CENTRAL VISAYAS),CEBU,75 - 79,16921,25692,,
REGION VII (CENTRAL VISAYAS),CEBU,>= 80,13652,26980,,
REGION VII (CENTRAL VISAYAS),CEBU,0 - 4,276213,256949,,
REGION VII (CENTRAL VISAYAS),CEBU,35 - 39,175913,166288,,
REGION IX (ZAMBOANGA PENINSULA),CITY OF ISABELA (NOT A PROVINCE),>= 80,247,519,,
REGION IX (ZAMBOANGA PENINSULA),CITY OF ISABELA (NOT A PROVINCE),35 - 39,3705,3850,,
REGION IX (ZAMBOANGA PENINSULA),CITY OF ISABELA (NOT A PROVINCE),65 - 69,1118,1201,,
REGION IX (ZAMBOANGA PENINSULA),CITY OF ISABELA (NOT A PROVINCE),60 - 64,1504,1601,,
REGION IX (ZAMBOANGA PENINSULA),CITY OF ISABELA (NOT A PROVINCE),55 - 59,2037,1921,,
REGION IX (ZAMBOANGA PENINSULA),CITY OF ISABELA (NOT A PROVINCE),50 - 54,2558,2407,,
REGION IX (ZAMBOANGA PENINSULA),CITY OF ISABELA (NOT A PROVINCE),45 - 49,2856,2920,,
REGION IX (ZAMBOANGA PENINSULA),CITY OF ISABELA (NOT A PROVINCE),40 - 44,3373,3288,,
REGION IX (ZAMBOANGA PENINSULA),CITY OF ISABELA (NOT A PROVINCE),70 - 74,639,789,,
REGION IX (ZAMBOANGA PENINSULA),CITY OF ISABELA (NOT A PROVINCE),75 - 79,296,439,,
REGION IX (ZAMBOANGA PENINSULA),CITY OF ISABELA (NOT A PROVINCE),25 - 29,5262,5345,,
REGION IX (ZAMBOANGA PENINSULA),CITY OF ISABELA (NOT A PROVINCE),20 - 24,6471,6346,,
REGION IX (ZAMBOANGA PENINSULA),CITY OF ISABELA (NOT A PROVINCE),15 - 19,6656,6755,,
REGION IX (ZAMBOANGA PENINSULA),CITY OF ISABELA (NOT A PROVINCE),10 - 14,7494,7252,,
REGION IX (ZAMBOANGA PENINSULA),CITY OF ISABELA (NOT A PROVINCE),5 - 9,8067,7611,,
REGION IX (ZAMBOANGA PENINSULA),CITY OF ISABELA (NOT A PROVINCE),0 - 4,8700,8009,,
REGION IX (ZAMBOANGA PENINSULA),CITY OF ISABELA (NOT A PROVINCE),30 - 34,4475,4419,,
REGION XI (DAVAO REGION),COMPOSTELA VALLEY,5 - 9,43504,40616,,
REGION XI (DAVAO REGION),COMPOSTELA VALLEY,0 - 4,40754,37988,,
REGION XI (DAVAO REGION),COMPOSTELA VALLEY,75 - 79,2823,3331,,
REGION XI (DAVAO REGION),COMPOSTELA VALLEY,10 - 14,43374,40013,,
REGION XI (DAVAO REGION),COMPOSTELA VALLEY,15 - 19,40818,38177,,
REGION XI (DAVAO REGION),COMPOSTELA VALLEY,20 - 24,33833,31604,,
REGION XI (DAVAO REGION),COMPOSTELA VALLEY,25 - 29,33023,29833,,
REGION XI (DAVAO REGION),COMPOSTELA VALLEY,30 - 34,31301,26662,,
REGION XI (DAVAO REGION),COMPOSTELA VALLEY,35 - 39,25967,21986,,
REGION XI (DAVAO REGION),COMPOSTELA VALLEY,>= 80,2450,3569,,
REGION XI (DAVAO REGION),COMPOSTELA VALLEY,45 - 49,20503,17943,,
REGION XI (DAVAO REGION),COMPOSTELA VALLEY,50 - 54,18874,16495,,
REGION XI (DAVAO REGION),COMPOSTELA VALLEY,55 - 59,15142,13692,,
REGION XI (DAVAO REGION),COMPOSTELA VALLEY,60 - 64,12251,11216,,
REGION XI (DAVAO REGION),COMPOSTELA VALLEY,65 - 69,8015,8010,,
REGION XI (DAVAO REGION),COMPOSTELA VALLEY,70 - 74,4833,5129,,
REGION XI (DAVAO REGION),COMPOSTELA VALLEY,40 - 44,23222,19348,,
REGION XII (SOCCSKSARGEN),COTABATO (NORTH COTABATO),75 - 79,4129,5770,,
REGION XII (SOCCSKSARGEN),COTABATO (NORTH COTABATO),70 - 74,7324,8852,,
REGION XII (SOCCSKSARGEN),COTABATO (NORTH COTABATO),65 - 69,12433,13441,,
REGION XII (SOCCSKSARGEN),COTABATO (NORTH COTABATO),60 - 64,17956,18282,,
REGION XII (SOCCSKSARGEN),COTABATO (NORTH COTABATO),55 - 59,22791,22058,,
REGION XII (SOCCSKSARGEN),COTABATO (NORTH COTABATO),50 - 54,28740,27000,,
REGION XII (SOCCSKSARGEN),COTABATO (NORTH COTABATO),0 - 4,69113,64657,,
REGION XII (SOCCSKSARGEN),COTABATO (NORTH COTABATO),30 - 34,48829,44335,,
REGION XII (SOCCSKSARGEN),COTABATO (NORTH COTABATO),40 - 44,37919,34420,,
REGION XII (SOCCSKSARGEN),COTABATO (NORTH COTABATO),35 - 39,41702,38428,,
REGION XII (SOCCSKSARGEN),COTABATO (NORTH COTABATO),25 - 29,52997,50610,,
REGION XII (SOCCSKSARGEN),COTABATO (NORTH COTABATO),20 - 24,57587,54360,,
REGION XII (SOCCSKSARGEN),COTABATO (NORTH COTABATO),15 - 19,66001,63361,,
REGION XII (SOCCSKSARGEN),COTABATO (NORTH COTABATO),>= 80,3750,6178,,
REGION XII (SOCCSKSARGEN),COTABATO (NORTH COTABATO),5 - 9,75024,70151,,
REGION XII (SOCCSKSARGEN),COTABATO (NORTH COTABATO),45 - 49,33067,30346,,
REGION XII (SOCCSKSARGEN),COTABATO (NORTH COTABATO),10 - 14,73264,68719,,
REGION XI (DAVAO REGION),DAVAO DEL NORTE,45 - 49,29133,27165,,
REGION XI (DAVAO REGION),DAVAO DEL NORTE,75 - 79,3900,4736,,
REGION XI (DAVAO REGION),DAVAO DEL NORTE,0 - 4,60695,57273,,
REGION XI (DAVAO REGION),DAVAO DEL NORTE,5 - 9,60662,57386,,
REGION XI (DAVAO REGION),DAVAO DEL NORTE,10 - 14,58807,55394,,
REGION XI (DAVAO REGION),DAVAO DEL NORTE,15 - 19,53249,50928,,
REGION XI (DAVAO REGION),DAVAO DEL NORTE,20 - 24,49296,48223,,
REGION XI (DAVAO REGION),DAVAO DEL NORTE,25 - 29,48041,45898,,
REGION XI (DAVAO REGION),DAVAO DEL NORTE,30 - 34,45787,42525,,
REGION XI (DAVAO REGION),DAVAO DEL NORTE,35 - 39,39388,35912,,
REGION XI (DAVAO REGION),DAVAO DEL NORTE,40 - 44,35196,31976,,
REGION XI (DAVAO REGION),DAVAO DEL NORTE,50 - 54,25117,23991,,
REGION XI (DAVAO REGION),DAVAO DEL NORTE,55 - 59,20992,20372,,
REGION XI (DAVAO REGION),DAVAO DEL NORTE,60 - 64,17533,17644,,
REGION XI (DAVAO REGION),DAVAO DEL NORTE,65 - 69,12349,12565,,
REGION XI (DAVAO REGION),DAVAO DEL NORTE,70 - 74,7276,7712,,
REGION XI (DAVAO REGION),DAVAO DEL NORTE,>= 80,3239,4807,,
REGION XI (DAVAO REGION),DAVAO DEL SUR,10 - 14,124937,118032,,
REGION XI (DAVAO REGION),DAVAO DEL SUR,>= 80,6450,10937,,
REGION XI (DAVAO REGION),DAVAO DEL SUR,75 - 79,7722,10578,,
REGION XI (DAVAO REGION),DAVAO DEL SUR,70 - 74,15155,18424,,
REGION XI (DAVAO REGION),DAVAO DEL SUR,65 - 69,25732,28818,,
REGION XI (DAVAO REGION),DAVAO DEL SUR,60 - 64,36995,39254,,
REGION XI (DAVAO REGION),DAVAO DEL SUR,55 - 59,44324,45326,,
REGION XI (DAVAO REGION),DAVAO DEL SUR,50 - 54,53981,53454,,
REGION XI (DAVAO REGION),DAVAO DEL SUR,45 - 49,65309,60999,,
REGION XI (DAVAO REGION),DAVAO DEL SUR,40 - 44,78016,71738,,
REGION XI (DAVAO REGION),DAVAO DEL SUR,35 - 39,87037,80334,,
REGION XI (DAVAO REGION),DAVAO DEL SUR,30 - 34,103122,94934,,
REGION XI (DAVAO REGION),DAVAO DEL SUR,25 - 29,111569,107123,,
REGION XI (DAVAO REGION),DAVAO DEL SUR,20 - 24,117384,115679,,
REGION XI (DAVAO REGION),DAVAO DEL SUR,15 - 19,113562,110347,,
REGION XI (DAVAO REGION),DAVAO DEL SUR,0 - 4,127543,120253,,
REGION XI (DAVAO REGION),DAVAO DEL SUR,5 - 9,127365,118012,,
REGION XI (DAVAO REGION),DAVAO OCCIDENTAL,35 - 39,10043,8456,,
REGION XI (DAVAO REGION),DAVAO OCCIDENTAL,>= 80,1004,1429,,
REGION XI (DAVAO REGION),DAVAO OCCIDENTAL,75 - 79,899,1056,,
REGION XI (DAVAO REGION),DAVAO OCCIDENTAL,70 - 74,1706,1836,,
REGION XI (DAVAO REGION),DAVAO OCCIDENTAL,65 - 69,2934,2942,,
REGION XI (DAVAO REGION),DAVAO OCCIDENTAL,60 - 64,4400,4306,,
REGION XI (DAVAO REGION),DAVAO OCCIDENTAL,55 - 59,5590,4733,,
REGION XI (DAVAO REGION),DAVAO OCCIDENTAL,45 - 49,8284,7249,,
REGION XI (DAVAO REGION),DAVAO OCCIDENTAL,40 - 44,9000,7860,,
REGION XI (DAVAO REGION),DAVAO OCCIDENTAL,50 - 54,6574,6088,,
REGION XI (DAVAO REGION),DAVAO OCCIDENTAL,25 - 29,12381,11298,,
REGION XI (DAVAO REGION),DAVAO OCCIDENTAL,20 - 24,13886,12881,,
REGION XI (DAVAO REGION),DAVAO OCCIDENTAL,15 - 19,16340,15629,,
REGION XI (DAVAO REGION),DAVAO OCCIDENTAL,10 - 14,19744,19017,,
REGION XI (DAVAO REGION),DAVAO OCCIDENTAL,5 - 9,20129,19244,,
REGION XI (DAVAO REGION),DAVAO OCCIDENTAL,0 - 4,19613,18508,,
REGION XI (DAVAO REGION),DAVAO OCCIDENTAL,30 - 34,11794,10054,,
REGION XI (DAVAO REGION),DAVAO ORIENTAL,40 - 44,17127,14631,,
REGION XI (DAVAO REGION),DAVAO ORIENTAL,10 - 14,33179,31461,,
REGION XI (DAVAO REGION),DAVAO ORIENTAL,15 - 19,29871,28856,,
REGION XI (DAVAO REGION),DAVAO ORIENTAL,20 - 24,25876,24258,,
REGION XI (DAVAO REGION),DAVAO ORIENTAL,25 - 29,22716,20538,,
REGION XI (DAVAO REGION),DAVAO ORIENTAL,30 - 34,20930,18547,,
REGION XI (DAVAO REGION),DAVAO ORIENTAL,35 - 39,18019,15215,,
REGION XI (DAVAO REGION),DAVAO ORIENTAL,45 - 49,15600,13904,,
REGION XI (DAVAO REGION),DAVAO ORIENTAL,5 - 9,33104,31339,,
REGION XI (DAVAO REGION),DAVAO ORIENTAL,55 - 59,11746,11016,,
REGION XI (DAVAO REGION),DAVAO ORIENTAL,60 - 64,9401,9164,,
REGION XI (DAVAO REGION),DAVAO ORIENTAL,65 - 69,6378,6762,,
REGION XI (DAVAO REGION),DAVAO ORIENTAL,70 - 74,4135,4541,,
REGION XI (DAVAO REGION),DAVAO ORIENTAL,75 - 79,2334,2886,,
REGION XI (DAVAO REGION),DAVAO ORIENTAL,>= 80,2075,3181,,
REGION XI (DAVAO REGION),DAVAO ORIENTAL,50 - 54,13966,12889,,
REGION XI (DAVAO REGION),DAVAO ORIENTAL,0 - 4,30648,28691,,
REGION XIII (CARAGA),DINAGAT ISLANDS,10 - 14,7040,6569,,
REGION XIII (CARAGA),DINAGAT ISLANDS,0 - 4,6683,6307,,
REGION XIII (CARAGA),DINAGAT ISLANDS,15 - 19,6902,6384,,
REGION XIII (CARAGA),DINAGAT ISLANDS,45 - 49,3160,3020,,
REGION XIII (CARAGA),DINAGAT ISLANDS,>= 80,756,1031,,
REGION XIII (CARAGA),DINAGAT ISLANDS,75 - 79,858,1040,,
REGION XIII (CARAGA),DINAGAT ISLANDS,70 - 74,1146,1480,,
REGION XIII (CARAGA),DINAGAT ISLANDS,60 - 64,2078,2251,,
REGION XIII (CARAGA),DINAGAT ISLANDS,55 - 59,2527,2541,,
REGION XIII (CARAGA),DINAGAT ISLANDS,50 - 54,2947,2868,,
REGION XIII (CARAGA),DINAGAT ISLANDS,65 - 69,1649,1792,,
REGION XIII (CARAGA),DINAGAT ISLANDS,40 - 44,3376,2954,,
REGION XIII (CARAGA),DINAGAT ISLANDS,35 - 39,3708,3312,,
REGION XIII (CARAGA),DINAGAT ISLANDS,30 - 34,4368,3986,,
REGION XIII (CARAGA),DINAGAT ISLANDS,25 - 29,5101,4812,,
REGION XIII (CARAGA),DINAGAT ISLANDS,20 - 24,5736,5578,,
REGION XIII (CARAGA),DINAGAT ISLANDS,5 - 9,7163,6840,,
REGION VIII (EASTERN VISAYAS),EASTERN SAMAR,45 - 49,12403,11106,,
REGION VIII (EASTERN VISAYAS),EASTERN SAMAR,75 - 79,2872,3594,,
REGION VIII (EASTERN VISAYAS),EASTERN SAMAR,70 - 74,4265,4717,,
REGION VIII (EASTERN VISAYAS),EASTERN SAMAR,65 - 69,5714,5835,,
REGION VIII (EASTERN VISAYAS),EASTERN SAMAR,60 - 64,7872,7660,,
REGION VIII (EASTERN VISAYAS),EASTERN SAMAR,55 - 59,9742,8673,,
REGION VIII (EASTERN VISAYAS),EASTERN SAMAR,50 - 54,11234,10323,,
REGION VIII (EASTERN VISAYAS),EASTERN SAMAR,40 - 44,13428,11823,,
REGION VIII (EASTERN VISAYAS),EASTERN SAMAR,>= 80,2442,4201,,
REGION VIII (EASTERN VISAYAS),EASTERN SAMAR,30 - 34,15982,13999,,
REGION VIII (EASTERN VISAYAS),EASTERN SAMAR,25 - 29,18438,16752,,
REGION VIII (EASTERN VISAYAS),EASTERN SAMAR,20 - 24,22921,20847,,
REGION VIII (EASTERN VISAYAS),EASTERN SAMAR,15 - 19,26864,25033,,
REGION VIII (EASTERN VISAYAS),EASTERN SAMAR,10 - 14,26933,25190,,
REGION VIII (EASTERN VISAYAS),EASTERN SAMAR,5 - 9,26335,24435,,
REGION VIII (EASTERN VISAYAS),EASTERN SAMAR,0 - 4,24738,22926,,
REGION VIII (EASTERN VISAYAS),EASTERN SAMAR,35 - 39,14145,12405,,
REGION VI (WESTERN VISAYAS),GUIMARAS,25 - 29,7698,7408,,
REGION VI (WESTERN VISAYAS),GUIMARAS,30 - 34,7355,6817,,
REGION VI (WESTERN VISAYAS),GUIMARAS,35 - 39,6819,6028,,
REGION VI (WESTERN VISAYAS),GUIMARAS,45 - 49,5201,4769,,
REGION VI (WESTERN VISAYAS),GUIMARAS,50 - 54,4589,4277,,
REGION VI (WESTERN VISAYAS),GUIMARAS,55 - 59,4098,3985,,
REGION VI (WESTERN VISAYAS),GUIMARAS,>= 80,963,1862,,
REGION VI (WESTERN VISAYAS),GUIMARAS,40 - 44,6083,5151,,
REGION VI (WESTERN VISAYAS),GUIMARAS,65 - 69,2504,2589,,
REGION VI (WESTERN VISAYAS),GUIMARAS,60 - 64,3486,3434,,
REGION VI (WESTERN VISAYAS),GUIMARAS,0 - 4,9177,8572,,
REGION VI (WESTERN VISAYAS),GUIMARAS,15 - 19,8689,8225,,
REGION VI (WESTERN VISAYAS),GUIMARAS,5 - 9,9435,8755,,
REGION VI (WESTERN VISAYAS),GUIMARAS,20 - 24,8398,7582,,
REGION VI (WESTERN VISAYAS),GUIMARAS,75 - 79,965,1350,,
REGION VI (WESTERN VISAYAS),GUIMARAS,70 - 74,1575,1927,,
REGION VI (WESTERN VISAYAS),GUIMARAS,10 - 14,9139,8671,,
CORDILLERA ADMINISTRATIVE REGION (CAR),IFUGAO,75 - 79,707,988,,
CORDILLERA ADMINISTRATIVE REGION (CAR),IFUGAO,>= 80,978,1580,,
CORDILLERA ADMINISTRATIVE REGION (CAR),IFUGAO,70 - 74,1361,1476,,
CORDILLERA ADMINISTRATIVE REGION (CAR),IFUGAO,65 - 69,2321,2364,,
CORDILLERA ADMINISTRATIVE REGION (CAR),IFUGAO,60 - 64,2951,3081,,
CORDILLERA ADMINISTRATIVE REGION (CAR),IFUGAO,55 - 59,3734,3519,,
CORDILLERA ADMINISTRATIVE REGION (CAR),IFUGAO,45 - 49,5215,4251,,
CORDILLERA ADMINISTRATIVE REGION (CAR),IFUGAO,40 - 44,6171,5177,,
CORDILLERA ADMINISTRATIVE REGION (CAR),IFUGAO,50 - 54,4351,4047,,
CORDILLERA ADMINISTRATIVE REGION (CAR),IFUGAO,30 - 34,8410,7313,,
CORDILLERA ADMINISTRATIVE REGION (CAR),IFUGAO,25 - 29,9709,8667,,
CORDILLERA ADMINISTRATIVE REGION (CAR),IFUGAO,20 - 24,10216,9538,,
CORDILLERA ADMINISTRATIVE REGION (CAR),IFUGAO,15 - 19,10901,10318,,
CORDILLERA ADMINISTRATIVE REGION (CAR),IFUGAO,10 - 14,11389,10846,,
CORDILLERA ADMINISTRATIVE REGION (CAR),IFUGAO,5 - 9,11484,10434,,
CORDILLERA ADMINISTRATIVE REGION (CAR),IFUGAO,0 - 4,10538,9886,,
CORDILLERA ADMINISTRATIVE REGION (CAR),IFUGAO,35 - 39,7263,5946,,
REGION I (ILOCOS REGION),ILOCOS NORTE,30 - 34,23258,22137,,
REGION I (ILOCOS REGION),ILOCOS NORTE,5 - 9,25721,23494,,
REGION I (ILOCOS REGION),ILOCOS NORTE,10 - 14,28773,26462,,
REGION I (ILOCOS REGION),ILOCOS NORTE,15 - 19,27985,26020,,
REGION I (ILOCOS REGION),ILOCOS NORTE,20 - 24,26963,25119,,
REGION I (ILOCOS REGION),ILOCOS NORTE,25 - 29,24526,23711,,
REGION I (ILOCOS REGION),ILOCOS NORTE,70 - 74,5597,7792,,
REGION I (ILOCOS REGION),ILOCOS NORTE,75 - 79,3767,5982,,
REGION I (ILOCOS REGION),ILOCOS NORTE,40 - 44,20269,19165,,
REGION I (ILOCOS REGION),ILOCOS NORTE,45 - 49,18063,17278,,
REGION I (ILOCOS REGION),ILOCOS NORTE,50 - 54,16815,16553,,
REGION I (ILOCOS REGION),ILOCOS NORTE,55 - 59,13881,14458,,
REGION I (ILOCOS REGION),ILOCOS NORTE,60 - 64,11249,12428,,
REGION I (ILOCOS REGION),ILOCOS NORTE,65 - 69,8154,9924,,
REGION I (ILOCOS REGION),ILOCOS NORTE,0 - 4,24053,22501,,
REGION I (ILOCOS REGION),ILOCOS NORTE,35 - 39,22815,21345,,
REGION I (ILOCOS REGION),ILOCOS NORTE,>= 80,4103,8147,,
REGION I (ILOCOS REGION),ILOCOS SUR,5 - 9,31219,28769,,
REGION I (ILOCOS REGION),ILOCOS SUR,>= 80,4403,9478,,
REGION I (ILOCOS REGION),ILOCOS SUR,75 - 79,3871,6759,,
REGION I (ILOCOS REGION),ILOCOS SUR,70 - 74,6405,8761,,
REGION I (ILOCOS REGION),ILOCOS SUR,65 - 69,9805,11665,,
REGION I (ILOCOS REGION),ILOCOS SUR,60 - 64,13447,14228,,
REGION I (ILOCOS REGION),ILOCOS SUR,55 - 59,16717,16482,,
REGION I (ILOCOS REGION),ILOCOS SUR,50 - 54,19212,18087,,
REGION I (ILOCOS REGION),ILOCOS SUR,40 - 44,23795,22030,,
REGION I (ILOCOS REGION),ILOCOS SUR,35 - 39,25568,24152,,
REGION I (ILOCOS REGION),ILOCOS SUR,30 - 34,26429,24806,,
REGION I (ILOCOS REGION),ILOCOS SUR,25 - 29,29079,27189,,
REGION I (ILOCOS REGION),ILOCOS SUR,20 - 24,30445,28336,,
REGION I (ILOCOS REGION),ILOCOS SUR,15 - 19,33297,31186,,
REGION I (ILOCOS REGION),ILOCOS SUR,10 - 14,33965,31767,,
REGION I (ILOCOS REGION),ILOCOS SUR,0 - 4,27602,25414,,
REGION I (ILOCOS REGION),ILOCOS SUR,45 - 49,20548,19302,,
REGION VI (WESTERN VISAYAS),ILOILO,>= 80,12036,26133,,
REGION VI (WESTERN VISAYAS),ILOILO,70 - 74,20495,28463,,
REGION VI (WESTERN VISAYAS),ILOILO,0 - 4,119217,112123,,
REGION VI (WESTERN VISAYAS),ILOILO,5 - 9,125378,115487,,
REGION VI (WESTERN VISAYAS),ILOILO,10 - 14,124987,116365,,
REGION VI (WESTERN VISAYAS),ILOILO,15 - 19,119537,112520,,
REGION VI (WESTERN VISAYAS),ILOILO,20 - 24,112552,106689,,
REGION VI (WESTERN VISAYAS),ILOILO,25 - 29,103584,96889,,
REGION VI (WESTERN VISAYAS),ILOILO,75 - 79,12370,20191,,
REGION VI (WESTERN VISAYAS),ILOILO,30 - 34,96367,88365,,
REGION VI (WESTERN VISAYAS),ILOILO,40 - 44,78470,71127,,
REGION VI (WESTERN VISAYAS),ILOILO,45 - 49,67143,62929,,
REGION VI (WESTERN VISAYAS),ILOILO,50 - 54,61230,59955,,
REGION VI (WESTERN VISAYAS),ILOILO,55 - 59,53149,53947,,
REGION VI (WESTERN VISAYAS),ILOILO,60 - 64,43583,47410,,
REGION VI (WESTERN VISAYAS),ILOILO,65 - 69,31692,37646,,
REGION VI (WESTERN VISAYAS),ILOILO,35 - 39,86179,79118,,
REGION II (CAGAYAN VALLEY),ISABELA,30 - 34,65846,61594,,
REGION II (CAGAYAN VALLEY),ISABELA,75 - 79,5860,9172,,
REGION II (CAGAYAN VALLEY),ISABELA,65 - 69,19555,22071,,
REGION II (CAGAYAN VALLEY),ISABELA,0 - 4,79424,75201,,
REGION II (CAGAYAN VALLEY),ISABELA,5 - 9,85694,79255,,
REGION II (CAGAYAN VALLEY),ISABELA,15 - 19,81649,76710,,
REGION II (CAGAYAN VALLEY),ISABELA,20 - 24,77409,73730,,
REGION II (CAGAYAN VALLEY),ISABELA,25 - 29,72534,69159,,
REGION II (CAGAYAN VALLEY),ISABELA,>= 80,5556,10835,,
REGION II (CAGAYAN VALLEY),ISABELA,10 - 14,87154,81807,,
REGION II (CAGAYAN VALLEY),ISABELA,40 - 44,55667,51724,,
REGION II (CAGAYAN VALLEY),ISABELA,45 - 49,48330,44884,,
REGION II (CAGAYAN VALLEY),ISABELA,50 - 54,42866,41056,,
REGION II (CAGAYAN VALLEY),ISABELA,55 - 59,36940,35887,,
REGION II (CAGAYAN VALLEY),ISABELA,60 - 64,29420,29652,,
REGION II (CAGAYAN VALLEY),ISABELA,35 - 39,58106,54485,,
REGION II (CAGAYAN VALLEY),ISABELA,70 - 74,11513,14794,,
CORDILLERA ADMINISTRATIVE REGION (CAR),KALINGA,35 - 39,7500,6564,,
CORDILLERA ADMINISTRATIVE REGION (CAR),KALINGA,0 - 4,11517,10701,,
CORDILLERA ADMINISTRATIVE REGION (CAR),KALINGA,5 - 9,12261,11359,,
CORDILLERA ADMINISTRATIVE REGION (CAR),KALINGA,10 - 14,12607,11566,,
CORDILLERA ADMINISTRATIVE REGION (CAR),KALINGA,15 - 19,12376,11820,,
CORDILLERA ADMINISTRATIVE REGION (CAR),KALINGA,20 - 24,11630,10905,,
CORDILLERA ADMINISTRATIVE REGION (CAR),KALINGA,25 - 29,10366,9460,,
CORDILLERA ADMINISTRATIVE REGION (CAR),KALINGA,30 - 34,9082,7771,,
CORDILLERA ADMINISTRATIVE REGION (CAR),KALINGA,40 - 44,6698,5838,,
CORDILLERA ADMINISTRATIVE REGION (CAR),KALINGA,50 - 54,5022,4826,,
CORDILLERA ADMINISTRATIVE REGION (CAR),KALINGA,55 - 59,4287,3992,,
CORDILLERA ADMINISTRATIVE REGION (CAR),KALINGA,60 - 64,3387,3565,,
CORDILLERA ADMINISTRATIVE REGION (CAR),KALINGA,65 - 69,2587,2601,,
CORDILLERA ADMINISTRATIVE REGION (CAR),KALINGA,70 - 74,1574,1811,,
CORDILLERA ADMINISTRATIVE REGION (CAR),KALINGA,75 - 79,952,1222,,
CORDILLERA ADMINISTRATIVE REGION (CAR),KALINGA,>= 80,1026,1541,,
CORDILLERA ADMINISTRATIVE REGION (CAR),KALINGA,45 - 49,5667,5247,,
REGION I (ILOCOS REGION),LA UNION,75 - 79,3723,6007,,
REGION I (ILOCOS REGION),LA UNION,70 - 74,7154,9715,,
REGION I (ILOCOS REGION),LA UNION,65 - 69,10902,12642,,
REGION I (ILOCOS REGION),LA UNION,60 - 64,15622,16549,,
REGION I (ILOCOS REGION),LA UNION,55 - 59,18730,18837,,
REGION I (ILOCOS REGION),LA UNION,50 - 54,21755,20872,,
REGION I (ILOCOS REGION),LA UNION,45 - 49,23336,22030,,
REGION I (ILOCOS REGION),LA UNION,20 - 24,37253,35092,,
REGION I (ILOCOS REGION),LA UNION,30 - 34,31215,29745,,
REGION I (ILOCOS REGION),LA UNION,25 - 29,34309,32533,,
REGION I (ILOCOS REGION),LA UNION,15 - 19,38729,36296,,
REGION I (ILOCOS REGION),LA UNION,10 - 14,39168,36319,,
REGION I (ILOCOS REGION),LA UNION,5 - 9,37891,34761,,
REGION I (ILOCOS REGION),LA UNION,0 - 4,35210,32691,,
REGION I (ILOCOS REGION),LA UNION,35 - 39,29443,27878,,
REGION I (ILOCOS REGION),LA UNION,>= 80,3855,8397,,
REGION I (ILOCOS REGION),LA UNION,40 - 44,26567,25117,,
REGION IV-A (CALABARZON),LAGUNA,75 - 79,8167,14396,,
REGION IV-A (CALABARZON),LAGUNA,>= 80,6015,15066,,
REGION IV-A (CALABARZON),LAGUNA,0 - 4,161520,150557,,
REGION IV-A (CALABARZON),LAGUNA,5 - 9,164023,152616,,
REGION IV-A (CALABARZON),LAGUNA,10 - 14,160063,149177,,
REGION IV-A (CALABARZON),LAGUNA,15 - 19,149221,140810,,
REGION IV-A (CALABARZON),LAGUNA,20 - 24,161193,157333,,
REGION IV-A (CALABARZON),LAGUNA,25 - 29,161350,159261,,
REGION IV-A (CALABARZON),LAGUNA,70 - 74,17753,25172,,
REGION IV-A (CALABARZON),LAGUNA,35 - 39,129600,128868,,
REGION IV-A (CALABARZON),LAGUNA,40 - 44,115663,114897,,
REGION IV-A (CALABARZON),LAGUNA,45 - 49,91800,89754,,
REGION IV-A (CALABARZON),LAGUNA,50 - 54,77260,79416,,
REGION IV-A (CALABARZON),LAGUNA,55 - 59,61354,67027,,
REGION IV-A (CALABARZON),LAGUNA,60 - 64,49205,55609,,
REGION IV-A (CALABARZON),LAGUNA,65 - 69,31981,39884,,
REGION IV-A (CALABARZON),LAGUNA,30 - 34,146034,141091,,
REGION X (NORTHERN MINDANAO),LANAO DEL NORTE,70 - 74,5516,6641,,
REGION X (NORTHERN MINDANAO),LANAO DEL NORTE,65 - 69,9507,10289,,
REGION X (NORTHERN MINDANAO),LANAO DEL NORTE,60 - 64,13801,14239,,
REGION X (NORTHERN MINDANAO),LANAO DEL NORTE,55 - 59,17378,17340,,
REGION X (NORTHERN MINDANAO),LANAO DEL NORTE,50 - 54,20921,21327,,
REGION X (NORTHERN MINDANAO),LANAO DEL NORTE,45 - 49,24582,24005,,
REGION X (NORTHERN MINDANAO),LANAO DEL NORTE,25 - 29,44908,45815,,
REGION X (NORTHERN MINDANAO),LANAO DEL NORTE,35 - 39,32147,31258,,
REGION X (NORTHERN MINDANAO),LANAO DEL NORTE,30 - 34,38158,36781,,
REGION X (NORTHERN MINDANAO),LANAO DEL NORTE,20 - 24,50575,51262,,
REGION X (NORTHERN MINDANAO),LANAO DEL NORTE,15 - 19,56730,57202,,
REGION X (NORTHERN MINDANAO),LANAO DEL NORTE,10 - 14,62988,60827,,
REGION X (NORTHERN MINDANAO),LANAO DEL NORTE,5 - 9,66886,63986,,
REGION X (NORTHERN MINDANAO),LANAO DEL NORTE,40 - 44,28824,28079,,
REGION X (NORTHERN MINDANAO),LANAO DEL NORTE,0 - 4,66015,62786,,
REGION X (NORTHERN MINDANAO),LANAO DEL NORTE,75 - 79,2729,3820,,
REGION X (NORTHERN MINDANAO),LANAO DEL NORTE,>= 80,2396,4180,,
AUTONOMOUS REGION IN MUSLIM MINDANAO (ARMM),LANAO DEL SUR,>= 80,1478,1636,,
AUTONOMOUS REGION IN MUSLIM MINDANAO (ARMM),LANAO DEL SUR,70 - 74,3124,2875,,
AUTONOMOUS REGION IN MUSLIM MINDANAO (ARMM),LANAO DEL SUR,65 - 69,5631,5336,,
AUTONOMOUS REGION IN MUSLIM MINDANAO (ARMM),LANAO DEL SUR,60 - 64,7978,7368,,
AUTONOMOUS REGION IN MUSLIM MINDANAO (ARMM),LANAO DEL SUR,55 - 59,11006,9794,,
AUTONOMOUS REGION IN MUSLIM MINDANAO (ARMM),LANAO DEL SUR,50 - 54,16806,15845,,
AUTONOMOUS REGION IN MUSLIM MINDANAO (ARMM),LANAO DEL SUR,45 - 49,22367,22257,,
AUTONOMOUS REGION IN MUSLIM MINDANAO (ARMM),LANAO DEL SUR,40 - 44,27422,28439,,
AUTONOMOUS REGION IN MUSLIM MINDANAO (ARMM),LANAO DEL SUR,35 - 39,30804,32829,,
AUTONOMOUS REGION IN MUSLIM MINDANAO (ARMM),LANAO DEL SUR,30 - 34,36560,39311,,
AUTONOMOUS REGION IN MUSLIM MINDANAO (ARMM),LANAO DEL SUR,25 - 29,48460,52958,,
AUTONOMOUS REGION IN MUSLIM MINDANAO (ARMM),LANAO DEL SUR,20 - 24,59822,63988,,
AUTONOMOUS REGION IN MUSLIM MINDANAO (ARMM),LANAO DEL SUR,15 - 19,67541,70013,,
AUTONOMOUS REGION IN MUSLIM MINDANAO (ARMM),LANAO DEL SUR,10 - 14,77105,79128,,
AUTONOMOUS REGION IN MUSLIM MINDANAO (ARMM),LANAO DEL SUR,5 - 9,80242,80334,,
AUTONOMOUS REGION IN MUSLIM MINDANAO (ARMM),LANAO DEL SUR,75 - 79,1633,1492,,
AUTONOMOUS REGION IN MUSLIM MINDANAO (ARMM),LANAO DEL SUR,0 - 4,92535,90390,,
REGION VIII (EASTERN VISAYAS),LEYTE,10 - 14,111866,103873,,
REGION VIII (EASTERN VISAYAS),LEYTE,15 - 19,103060,98570,,
REGION VIII (EASTERN VISAYAS),LEYTE,20 - 24,90648,85429,,
REGION VIII (EASTERN VISAYAS),LEYTE,25 - 29,79727,75366,,
REGION VIII (EASTERN VISAYAS),LEYTE,30 - 34,70934,65161,,
REGION VIII (EASTERN VISAYAS),LEYTE,35 - 39,63673,57003,,
REGION VIII (EASTERN VISAYAS),LEYTE,40 - 44,58490,52909,,
REGION VIII (EASTERN VISAYAS),LEYTE,45 - 49,51398,47514,,
REGION VIII (EASTERN VISAYAS),LEYTE,50 - 54,46637,44800,,
REGION VIII (EASTERN VISAYAS),LEYTE,55 - 59,41523,39633,,
REGION VIII (EASTERN VISAYAS),LEYTE,60 - 64,34640,34903,,
REGION VIII (EASTERN VISAYAS),LEYTE,65 - 69,24146,26630,,
REGION VIII (EASTERN VISAYAS),LEYTE,70 - 74,15660,19694,,
REGION VIII (EASTERN VISAYAS),LEYTE,75 - 79,8902,13258,,
REGION VIII (EASTERN VISAYAS),LEYTE,>= 80,7075,13876,,
REGION VIII (EASTERN VISAYAS),LEYTE,0 - 4,110292,103424,,
REGION VIII (EASTERN VISAYAS),LEYTE,5 - 9,114169,105543,,
AUTONOMOUS REGION IN MUSLIM MINDANAO (ARMM),MAGUINDANAO,75 - 79,2093,2182,,
AUTONOMOUS REGION IN MUSLIM MINDANAO (ARMM),MAGUINDANAO,>= 80,1916,2435,,
AUTONOMOUS REGION IN MUSLIM MINDANAO (ARMM),MAGUINDANAO,60 - 64,11302,10148,,
AUTONOMOUS REGION IN MUSLIM MINDANAO (ARMM),MAGUINDANAO,55 - 59,16181,13588,,
AUTONOMOUS REGION IN MUSLIM MINDANAO (ARMM),MAGUINDANAO,50 - 54,24766,20832,,
AUTONOMOUS REGION IN MUSLIM MINDANAO (ARMM),MAGUINDANAO,45 - 49,33424,31066,,
AUTONOMOUS REGION IN MUSLIM MINDANAO (ARMM),MAGUINDANAO,40 - 44,43103,41421,,
AUTONOMOUS REGION IN MUSLIM MINDANAO (ARMM),MAGUINDANAO,65 - 69,7377,6644,,
AUTONOMOUS REGION IN MUSLIM MINDANAO (ARMM),MAGUINDANAO,35 - 39,47340,49836,,
AUTONOMOUS REGION IN MUSLIM MINDANAO (ARMM),MAGUINDANAO,25 - 29,67472,71108,,
AUTONOMOUS REGION IN MUSLIM MINDANAO (ARMM),MAGUINDANAO,20 - 24,79941,80951,,
AUTONOMOUS REGION IN MUSLIM MINDANAO (ARMM),MAGUINDANAO,15 - 19,88482,86211,,
AUTONOMOUS REGION IN MUSLIM MINDANAO (ARMM),MAGUINDANAO,10 - 14,108404,105169,,
AUTONOMOUS REGION IN MUSLIM MINDANAO (ARMM),MAGUINDANAO,5 - 9,117084,111990,,
AUTONOMOUS REGION IN MUSLIM MINDANAO (ARMM),MAGUINDANAO,0 - 4,135552,125915,,
AUTONOMOUS REGION IN MUSLIM MINDANAO (ARMM),MAGUINDANAO,30 - 34,56411,57588,,
AUTONOMOUS REGION IN MUSLIM MINDANAO (ARMM),MAGUINDANAO,70 - 74,4323,4098,,
MIMAROPA REGION,MARINDUQUE,75 - 79,1311,2181,,
MIMAROPA REGION,MARINDUQUE,>= 80,957,2409,,
MIMAROPA REGION,MARINDUQUE,65 - 69,3434,3992,,
MIMAROPA REGION,MARINDUQUE,60 - 64,4679,4904,,
MIMAROPA REGION,MARINDUQUE,55 - 59,5091,5230,,
MIMAROPA REGION,MARINDUQUE,50 - 54,6171,5995,,
MIMAROPA REGION,MARINDUQUE,45 - 49,6362,6069,,
MIMAROPA REGION,MARINDUQUE,40 - 44,6983,6671,,
MIMAROPA REGION,MARINDUQUE,35 - 39,6823,6605,,
MIMAROPA REGION,MARINDUQUE,30 - 34,7106,7068,,
MIMAROPA REGION,MARINDUQUE,25 - 29,7622,7320,,
MIMAROPA REGION,MARINDUQUE,20 - 24,10030,8986,,
MIMAROPA REGION,MARINDUQUE,15 - 19,12884,12144,,
MIMAROPA REGION,MARINDUQUE,10 - 14,13420,12688,,
MIMAROPA REGION,MARINDUQUE,5 - 9,12829,11926,,
MIMAROPA REGION,MARINDUQUE,0 - 4,12290,11190,,
MIMAROPA REGION,MARINDUQUE,70 - 74,2353,3107,,
REGION V (BICOL REGION),MASBATE,5 - 9,59438,55717,,
REGION V (BICOL REGION),MASBATE,0 - 4,56984,53692,,
REGION V (BICOL REGION),MASBATE,60 - 64,12797,13369,,
REGION V (BICOL REGION),MASBATE,>= 80,2703,5396,,
REGION V (BICOL REGION),MASBATE,75 - 79,3326,5323,,
REGION V (BICOL REGION),MASBATE,70 - 74,5405,7178,,
REGION V (BICOL REGION),MASBATE,65 - 69,8770,10147,,
REGION V (BICOL REGION),MASBATE,55 - 59,15616,15544,,
REGION V (BICOL REGION),MASBATE,50 - 54,18446,18398,,
REGION V (BICOL REGION),MASBATE,45 - 49,20482,19569,,
REGION V (BICOL REGION),MASBATE,35 - 39,24186,22282,,
REGION V (BICOL REGION),MASBATE,30 - 34,27571,25293,,
REGION V (BICOL REGION),MASBATE,25 - 29,31325,30468,,
REGION V (BICOL REGION),MASBATE,20 - 24,38199,37044,,
REGION V (BICOL REGION),MASBATE,15 - 19,52630,50510,,
REGION V (BICOL REGION),MASBATE,10 - 14,59255,55958,,
REGION V (BICOL REGION),MASBATE,40 - 44,22529,21181,,
REGION X (NORTHERN MINDANAO),MISAMIS OCCIDENTAL,65 - 69,7814,9100,,
REGION X (NORTHERN MINDANAO),MISAMIS OCCIDENTAL,60 - 64,10828,11719,,
REGION X (NORTHERN MINDANAO),MISAMIS OCCIDENTAL,70 - 74,4933,6564,,
REGION X (NORTHERN MINDANAO),MISAMIS OCCIDENTAL,45 - 49,16827,16020,,
REGION X (NORTHERN MINDANAO),MISAMIS OCCIDENTAL,>= 80,2556,5151,,
REGION X (NORTHERN MINDANAO),MISAMIS OCCIDENTAL,55 - 59,13416,13509,,
REGION X (NORTHERN MINDANAO),MISAMIS OCCIDENTAL,75 - 79,3036,4723,,
REGION X (NORTHERN MINDANAO),MISAMIS OCCIDENTAL,50 - 54,15728,15281,,
REGION X (NORTHERN MINDANAO),MISAMIS OCCIDENTAL,20 - 24,27058,25864,,
REGION X (NORTHERN MINDANAO),MISAMIS OCCIDENTAL,35 - 39,18733,17456,,
REGION X (NORTHERN MINDANAO),MISAMIS OCCIDENTAL,30 - 34,21548,20045,,
REGION X (NORTHERN MINDANAO),MISAMIS OCCIDENTAL,25 - 29,24020,22879,,
REGION X (NORTHERN MINDANAO),MISAMIS OCCIDENTAL,15 - 19,30820,29485,,
REGION X (NORTHERN MINDANAO),MISAMIS OCCIDENTAL,10 - 14,32035,30015,,
REGION X (NORTHERN MINDANAO),MISAMIS OCCIDENTAL,5 - 9,32349,29871,,
REGION X (NORTHERN MINDANAO),MISAMIS OCCIDENTAL,0 - 4,30890,29434,,
REGION X (NORTHERN MINDANAO),MISAMIS OCCIDENTAL,40 - 44,18316,16928,,
REGION X (NORTHERN MINDANAO),MISAMIS ORIENTAL,70 - 74,10110,12227,,
REGION X (NORTHERN MINDANAO),MISAMIS ORIENTAL,45 - 49,42881,41045,,
REGION X (NORTHERN MINDANAO),MISAMIS ORIENTAL,65 - 69,17969,19634,,
REGION X (NORTHERN MINDANAO),MISAMIS ORIENTAL,60 - 64,25380,26994,,
REGION X (NORTHERN MINDANAO),MISAMIS ORIENTAL,55 - 59,31960,32521,,
REGION X (NORTHERN MINDANAO),MISAMIS ORIENTAL,50 - 54,37474,37425,,
REGION X (NORTHERN MINDANAO),MISAMIS ORIENTAL,40 - 44,50105,47511,,
REGION X (NORTHERN MINDANAO),MISAMIS ORIENTAL,0 - 4,91605,86167,,
REGION X (NORTHERN MINDANAO),MISAMIS ORIENTAL,30 - 34,66675,61445,,
REGION X (NORTHERN MINDANAO),MISAMIS ORIENTAL,25 - 29,73408,69926,,
REGION X (NORTHERN MINDANAO),MISAMIS ORIENTAL,20 - 24,77983,75578,,
REGION X (NORTHERN MINDANAO),MISAMIS ORIENTAL,15 - 19,81886,78648,,
REGION X (NORTHERN MINDANAO),MISAMIS ORIENTAL,10 - 14,88284,82540,,
REGION X (NORTHERN MINDANAO),MISAMIS ORIENTAL,5 - 9,93183,85448,,
REGION X (NORTHERN MINDANAO),MISAMIS ORIENTAL,75 - 79,5202,7480,,
REGION X (NORTHERN MINDANAO),MISAMIS ORIENTAL,35 - 39,55630,51625,,
REGION X (NORTHERN MINDANAO),MISAMIS ORIENTAL,>= 80,4454,8221,,
CORDILLERA ADMINISTRATIVE REGION (CAR),MOUNTAIN PROVINCE,70 - 74,1153,1493,,
CORDILLERA ADMINISTRATIVE REGION (CAR),MOUNTAIN PROVINCE,>= 80,846,1648,,
CORDILLERA ADMINISTRATIVE REGION (CAR),MOUNTAIN PROVINCE,5 - 9,8263,7546,,
CORDILLERA ADMINISTRATIVE REGION (CAR),MOUNTAIN PROVINCE,10 - 14,8658,8054,,
CORDILLERA ADMINISTRATIVE REGION (CAR),MOUNTAIN PROVINCE,15 - 19,8654,8113,,
CORDILLERA ADMINISTRATIVE REGION (CAR),MOUNTAIN PROVINCE,20 - 24,7781,6830,,
CORDILLERA ADMINISTRATIVE REGION (CAR),MOUNTAIN PROVINCE,25 - 29,6934,6151,,
CORDILLERA ADMINISTRATIVE REGION (CAR),MOUNTAIN PROVINCE,30 - 34,6149,5517,,
CORDILLERA ADMINISTRATIVE REGION (CAR),MOUNTAIN PROVINCE,35 - 39,5209,4484,,
CORDILLERA ADMINISTRATIVE REGION (CAR),MOUNTAIN PROVINCE,40 - 44,4499,3950,,
CORDILLERA ADMINISTRATIVE REGION (CAR),MOUNTAIN PROVINCE,45 - 49,4000,3474,,
CORDILLERA ADMINISTRATIVE REGION (CAR),MOUNTAIN PROVINCE,50 - 54,3907,3291,,
CORDILLERA ADMINISTRATIVE REGION (CAR),MOUNTAIN PROVINCE,55 - 59,3326,3045,,
CORDILLERA ADMINISTRATIVE REGION (CAR),MOUNTAIN PROVINCE,60 - 64,2729,2622,,
CORDILLERA ADMINISTRATIVE REGION (CAR),MOUNTAIN PROVINCE,65 - 69,2021,2014,,
CORDILLERA ADMINISTRATIVE REGION (CAR),MOUNTAIN PROVINCE,75 - 79,751,1079,,
CORDILLERA ADMINISTRATIVE REGION (CAR),MOUNTAIN PROVINCE,0 - 4,7058,6549,,
NATIONAL CAPITAL REGION (NCR),"NCR, CITY OF MANILA, FIRST DISTRICT (NOT A PROVINCE)",0 - 4,87379,81818,,
NATIONAL CAPITAL REGION (NCR),"NCR, CITY OF MANILA, FIRST DISTRICT (NOT A PROVINCE)",75 - 79,4440,8448,,
NATIONAL CAPITAL REGION (NCR),"NCR, CITY OF MANILA, FIRST DISTRICT (NOT A PROVINCE)",70 - 74,10541,16204,,
NATIONAL CAPITAL REGION (NCR),"NCR, CITY OF MANILA, FIRST DISTRICT (NOT A PROVINCE)",65 - 69,17420,23324,,
NATIONAL CAPITAL REGION (NCR),"NCR, CITY OF MANILA, FIRST DISTRICT (NOT A PROVINCE)",60 - 64,27409,33500,,
NATIONAL CAPITAL REGION (NCR),"NCR, CITY OF MANILA, FIRST DISTRICT (NOT A PROVINCE)",55 - 59,35414,40272,,
NATIONAL CAPITAL REGION (NCR),"NCR, CITY OF MANILA, FIRST DISTRICT (NOT A PROVINCE)",50 - 54,44256,47886,,
NATIONAL CAPITAL REGION (NCR),"NCR, CITY OF MANILA, FIRST DISTRICT (NOT A PROVINCE)",45 - 49,50085,51099,,
NATIONAL CAPITAL REGION (NCR),"NCR, CITY OF MANILA, FIRST DISTRICT (NOT A PROVINCE)",40 - 44,59096,59199,,
NATIONAL CAPITAL REGION (NCR),"NCR, CITY OF MANILA, FIRST DISTRICT (NOT A PROVINCE)",>= 80,3505,10018,,
NATIONAL CAPITAL REGION (NCR),"NCR, CITY OF MANILA, FIRST DISTRICT (NOT A PROVINCE)",30 - 34,79429,75242,,
NATIONAL CAPITAL REGION (NCR),"NCR, CITY OF MANILA, FIRST DISTRICT (NOT A PROVINCE)",25 - 29,89314,87990,,
NATIONAL CAPITAL REGION (NCR),"NCR, CITY OF MANILA, FIRST DISTRICT (NOT A PROVINCE)",20 - 24,89862,89681,,
NATIONAL CAPITAL REGION (NCR),"NCR, CITY OF MANILA, FIRST DISTRICT (NOT A PROVINCE)",15 - 19,79738,77741,,
NATIONAL CAPITAL REGION (NCR),"NCR, CITY OF MANILA, FIRST DISTRICT (NOT A PROVINCE)",10 - 14,81613,76879,,
NATIONAL CAPITAL REGION (NCR),"NCR, CITY OF MANILA, FIRST DISTRICT (NOT A PROVINCE)",5 - 9,86176,80043,,
NATIONAL CAPITAL REGION (NCR),"NCR, CITY OF MANILA, FIRST DISTRICT (NOT A PROVINCE)",35 - 39,67126,65638,,
NATIONAL CAPITAL REGION (NCR),"NCR, FOURTH DISTRICT (NOT A PROVINCE)",70 - 74,20664,29942,,
NATIONAL CAPITAL REGION (NCR),"NCR, FOURTH DISTRICT (NOT A PROVINCE)",65 - 69,35084,45754,,
NATIONAL CAPITAL REGION (NCR),"NCR, FOURTH DISTRICT (NOT A PROVINCE)",60 - 64,53773,66564,,
NATIONAL CAPITAL REGION (NCR),"NCR, FOURTH DISTRICT (NOT A PROVINCE)",55 - 59,68304,79767,,
NATIONAL CAPITAL REGION (NCR),"NCR, FOURTH DISTRICT (NOT A PROVINCE)",50 - 54,86155,95645,,
NATIONAL CAPITAL REGION (NCR),"NCR, FOURTH DISTRICT (NOT A PROVINCE)",45 - 49,103203,108282,,
NATIONAL CAPITAL REGION (NCR),"NCR, FOURTH DISTRICT (NOT A PROVINCE)",35 - 39,151384,151027,,
NATIONAL CAPITAL REGION (NCR),"NCR, FOURTH DISTRICT (NOT A PROVINCE)",20 - 24,182756,183888,,
NATIONAL CAPITAL REGION (NCR),"NCR, FOURTH DISTRICT (NOT A PROVINCE)",25 - 29,192423,191428,,
NATIONAL CAPITAL REGION (NCR),"NCR, FOURTH DISTRICT (NOT A PROVINCE)",15 - 19,153605,149610,,
NATIONAL CAPITAL REGION (NCR),"NCR, FOURTH DISTRICT (NOT A PROVINCE)",10 - 14,165309,154946,,
NATIONAL CAPITAL REGION (NCR),"NCR, FOURTH DISTRICT (NOT A PROVINCE)",5 - 9,173862,161942,,
NATIONAL CAPITAL REGION (NCR),"NCR, FOURTH DISTRICT (NOT A PROVINCE)",0 - 4,180986,170173,,
NATIONAL CAPITAL REGION (NCR),"NCR, FOURTH DISTRICT (NOT A PROVINCE)",>= 80,7767,17895,,
NATIONAL CAPITAL REGION (NCR),"NCR, FOURTH DISTRICT (NOT A PROVINCE)",30 - 34,179266,173587,,
NATIONAL CAPITAL REGION (NCR),"NCR, FOURTH DISTRICT (NOT A PROVINCE)",75 - 79,9178,16117,,
NATIONAL CAPITAL REGION (NCR),"NCR, FOURTH DISTRICT (NOT A PROVINCE)",40 - 44,127841,130302,,
NATIONAL CAPITAL REGION (NCR),"NCR, SECOND DISTRICT (NOT A PROVINCE)",35 - 39,177917,177503,,
NATIONAL CAPITAL REGION (NCR),"NCR, SECOND DISTRICT (NOT A PROVINCE)",55 - 59,88095,101565,,
NATIONAL CAPITAL REGION (NCR),"NCR, SECOND DISTRICT (NOT A PROVINCE)",50 - 54,111320,121421,,
NATIONAL CAPITAL REGION (NCR),"NCR, SECOND DISTRICT (NOT A PROVINCE)",45 - 49,130196,135980,,
NATIONAL CAPITAL REGION (NCR),"NCR, SECOND DISTRICT (NOT A PROVINCE)",40 - 44,155699,159150,,
NATIONAL CAPITAL REGION (NCR),"NCR, SECOND DISTRICT (NOT A PROVINCE)",70 - 74,25688,37597,,
NATIONAL CAPITAL REGION (NCR),"NCR, SECOND DISTRICT (NOT A PROVINCE)",30 - 34,207432,201646,,
NATIONAL CAPITAL REGION (NCR),"NCR, SECOND DISTRICT (NOT A PROVINCE)",25 - 29,225515,224601,,
NATIONAL CAPITAL REGION (NCR),"NCR, SECOND DISTRICT (NOT A PROVINCE)",20 - 24,220287,221296,,
NATIONAL CAPITAL REGION (NCR),"NCR, SECOND DISTRICT (NOT A PROVINCE)",15 - 19,195336,190335,,
NATIONAL CAPITAL REGION (NCR),"NCR, SECOND DISTRICT (NOT A PROVINCE)",10 - 14,215257,199461,,
NATIONAL CAPITAL REGION (NCR),"NCR, SECOND DISTRICT (NOT A PROVINCE)",5 - 9,229328,214089,,
NATIONAL CAPITAL REGION (NCR),"NCR, SECOND DISTRICT (NOT A PROVINCE)",75 - 79,11608,21019,,
NATIONAL CAPITAL REGION (NCR),"NCR, SECOND DISTRICT (NOT A PROVINCE)",>= 80,10259,24520,,
NATIONAL CAPITAL REGION (NCR),"NCR, SECOND DISTRICT (NOT A PROVINCE)",60 - 64,67846,82897,,
NATIONAL CAPITAL REGION (NCR),"NCR, SECOND DISTRICT (NOT A PROVINCE)",65 - 69,43047,57284,,
NATIONAL CAPITAL REGION (NCR),"NCR, SECOND DISTRICT (NOT A PROVINCE)",0 - 4,238993,224738,,
NATIONAL CAPITAL REGION (NCR),"NCR, THIRD DISTRICT (NOT A PROVINCE)",10 - 14,146007,137080,,
NATIONAL CAPITAL REGION (NCR),"NCR, THIRD DISTRICT (NOT A PROVINCE)",15 - 19,138283,131684,,
NATIONAL CAPITAL REGION (NCR),"NCR, THIRD DISTRICT (NOT A PROVINCE)",20 - 24,146016,141618,,
NATIONAL CAPITAL REGION (NCR),"NCR, THIRD DISTRICT (NOT A PROVINCE)",25 - 29,141545,135348,,
NATIONAL CAPITAL REGION (NCR),"NCR, THIRD DISTRICT (NOT A PROVINCE)",30 - 34,127425,119405,,
NATIONAL CAPITAL REGION (NCR),"NCR, THIRD DISTRICT (NOT A PROVINCE)",35 - 39,110506,106482,,
NATIONAL CAPITAL REGION (NCR),"NCR, THIRD DISTRICT (NOT A PROVINCE)",40 - 44,98642,95845,,
NATIONAL CAPITAL REGION (NCR),"NCR, THIRD DISTRICT (NOT A PROVINCE)",45 - 49,82318,80396,,
NATIONAL CAPITAL REGION (NCR),"NCR, THIRD DISTRICT (NOT A PROVINCE)",50 - 54,70354,71364,,
NATIONAL CAPITAL REGION (NCR),"NCR, THIRD DISTRICT (NOT A PROVINCE)",55 - 59,55474,59030,,
NATIONAL CAPITAL REGION (NCR),"NCR, THIRD DISTRICT (NOT A PROVINCE)",60 - 64,42212,46893,,
NATIONAL CAPITAL REGION (NCR),"NCR, THIRD DISTRICT (NOT A PROVINCE)",65 - 69,25954,31769,,
NATIONAL CAPITAL REGION (NCR),"NCR, THIRD DISTRICT (NOT A PROVINCE)",5 - 9,152191,139727,,
NATIONAL CAPITAL REGION (NCR),"NCR, THIRD DISTRICT (NOT A PROVINCE)",0 - 4,153390,141978,,
NATIONAL CAPITAL REGION (NCR),"NCR, THIRD DISTRICT (NOT A PROVINCE)",75 - 79,6390,11154,,
NATIONAL CAPITAL REGION (NCR),"NCR, THIRD DISTRICT (NOT A PROVINCE)",>= 80,4848,11627,,
NATIONAL CAPITAL REGION (NCR),"NCR, THIRD DISTRICT (NOT A PROVINCE)",70 - 74,14498,20959,,
REGION VI (WESTERN VISAYAS),NEGROS OCCIDENTAL,70 - 74,22451,29606,,
REGION VI (WESTERN VISAYAS),NEGROS OCCIDENTAL,65 - 69,38060,44457,,
REGION VI (WESTERN VISAYAS),NEGROS OCCIDENTAL,60 - 64,53497,58514,,
REGION VI (WESTERN VISAYAS),NEGROS OCCIDENTAL,55 - 59,66818,67345,,
REGION VI (WESTERN VISAYAS),NEGROS OCCIDENTAL,50 - 54,76713,75354,,
REGION VI (WESTERN VISAYAS),NEGROS OCCIDENTAL,40 - 44,95352,87030,,
REGION VI (WESTERN VISAYAS),NEGROS OCCIDENTAL,35 - 39,105449,94992,,
REGION VI (WESTERN VISAYAS),NEGROS OCCIDENTAL,30 - 34,118750,107819,,
REGION VI (WESTERN VISAYAS),NEGROS OCCIDENTAL,25 - 29,131933,124804,,
REGION VI (WESTERN VISAYAS),NEGROS OCCIDENTAL,20 - 24,143072,136072,,
REGION VI (WESTERN VISAYAS),NEGROS OCCIDENTAL,15 - 19,161308,154193,,
REGION VI (WESTERN VISAYAS),NEGROS OCCIDENTAL,10 - 14,172506,161357,,
REGION VI (WESTERN VISAYAS),NEGROS OCCIDENTAL,5 - 9,174016,160683,,
REGION VI (WESTERN VISAYAS),NEGROS OCCIDENTAL,0 - 4,165184,154741,,
REGION VI (WESTERN VISAYAS),NEGROS OCCIDENTAL,>= 80,11285,23316,,
REGION VI (WESTERN VISAYAS),NEGROS OCCIDENTAL,75 - 79,13066,21162,,
REGION VI (WESTERN VISAYAS),NEGROS OCCIDENTAL,45 - 49,84615,80767,,
REGION VII (CENTRAL VISAYAS),NEGROS ORIENTAL,0 - 4,74867,69495,,
REGION VII (CENTRAL VISAYAS),NEGROS ORIENTAL,70 - 74,11129,13253,,
REGION VII (CENTRAL VISAYAS),NEGROS ORIENTAL,65 - 69,18836,20070,,
REGION VII (CENTRAL VISAYAS),NEGROS ORIENTAL,60 - 64,24788,25803,,
REGION VII (CENTRAL VISAYAS),NEGROS ORIENTAL,55 - 59,30698,30746,,
REGION VII (CENTRAL VISAYAS),NEGROS ORIENTAL,50 - 54,32931,33027,,
REGION VII (CENTRAL VISAYAS),NEGROS ORIENTAL,45 - 49,36437,35064,,
REGION VII (CENTRAL VISAYAS),NEGROS ORIENTAL,40 - 44,40042,37236,,
REGION VII (CENTRAL VISAYAS),NEGROS ORIENTAL,35 - 39,45350,41294,,
REGION VII (CENTRAL VISAYAS),NEGROS ORIENTAL,30 - 34,52646,47735,,
REGION VII (CENTRAL VISAYAS),NEGROS ORIENTAL,25 - 29,60130,56748,,
REGION VII (CENTRAL VISAYAS),NEGROS ORIENTAL,20 - 24,63566,61251,,
REGION VII (CENTRAL VISAYAS),NEGROS ORIENTAL,15 - 19,70409,68031,,
REGION VII (CENTRAL VISAYAS),NEGROS ORIENTAL,10 - 14,74887,70601,,
REGION VII (CENTRAL VISAYAS),NEGROS ORIENTAL,5 - 9,76626,71422,,
REGION VII (CENTRAL VISAYAS),NEGROS ORIENTAL,75 - 79,6930,9192,,
REGION VII (CENTRAL VISAYAS),NEGROS ORIENTAL,>= 80,6611,10697,,
REGION VIII (EASTERN VISAYAS),NORTHERN SAMAR,70 - 74,4342,5440,,
REGION VIII (EASTERN VISAYAS),NORTHERN SAMAR,65 - 69,6264,7008,,
REGION VIII (EASTERN VISAYAS),NORTHERN SAMAR,60 - 64,8845,8959,,
REGION VIII (EASTERN VISAYAS),NORTHERN SAMAR,55 - 59,10960,10959,,
REGION VIII (EASTERN VISAYAS),NORTHERN SAMAR,50 - 54,13580,12867,,
REGION VIII (EASTERN VISAYAS),NORTHERN SAMAR,45 - 49,15311,14465,,
REGION VIII (EASTERN VISAYAS),NORTHERN SAMAR,40 - 44,16422,15373,,
REGION VIII (EASTERN VISAYAS),NORTHERN SAMAR,35 - 39,17504,15901,,
REGION VIII (EASTERN VISAYAS),NORTHERN SAMAR,30 - 34,19887,17981,,
REGION VIII (EASTERN VISAYAS),NORTHERN SAMAR,20 - 24,30856,28214,,
REGION VIII (EASTERN VISAYAS),NORTHERN SAMAR,15 - 19,38072,35932,,
REGION VIII (EASTERN VISAYAS),NORTHERN SAMAR,10 - 14,39448,36868,,
REGION VIII (EASTERN VISAYAS),NORTHERN SAMAR,5 - 9,39560,36780,,
REGION VIII (EASTERN VISAYAS),NORTHERN SAMAR,0 - 4,36738,34410,,
REGION VIII (EASTERN VISAYAS),NORTHERN SAMAR,75 - 79,2816,4062,,
REGION VIII (EASTERN VISAYAS),NORTHERN SAMAR,>= 80,2196,3797,,
REGION VIII (EASTERN VISAYAS),NORTHERN SAMAR,25 - 29,23503,21675,,
REGION III (CENTRAL LUZON),NUEVA ECIJA,75 - 79,8840,13901,,
REGION III (CENTRAL LUZON),NUEVA ECIJA,0 - 4,114947,107576,,
REGION III (CENTRAL LUZON),NUEVA ECIJA,10 - 14,118680,109847,,
REGION III (CENTRAL LUZON),NUEVA ECIJA,15 - 19,109062,103217,,
REGION III (CENTRAL LUZON),NUEVA ECIJA,20 - 24,104966,99824,,
REGION III (CENTRAL LUZON),NUEVA ECIJA,25 - 29,97757,93426,,
REGION III (CENTRAL LUZON),NUEVA ECIJA,30 - 34,85652,82052,,
REGION III (CENTRAL LUZON),NUEVA ECIJA,35 - 39,77967,75728,,
REGION III (CENTRAL LUZON),NUEVA ECIJA,5 - 9,118661,108913,,
REGION III (CENTRAL LUZON),NUEVA ECIJA,40 - 44,73275,69937,,
REGION III (CENTRAL LUZON),NUEVA ECIJA,45 - 49,64120,61519,,
REGION III (CENTRAL LUZON),NUEVA ECIJA,50 - 54,59148,57333,,
REGION III (CENTRAL LUZON),NUEVA ECIJA,55 - 59,48655,48164,,
REGION III (CENTRAL LUZON),NUEVA ECIJA,60 - 64,38419,39932,,
REGION III (CENTRAL LUZON),NUEVA ECIJA,65 - 69,25882,29057,,
REGION III (CENTRAL LUZON),NUEVA ECIJA,70 - 74,15869,21052,,
REGION III (CENTRAL LUZON),NUEVA ECIJA,>= 80,7347,16026,,
REGION II (CAGAYAN VALLEY),NUEVA VIZCAYA,65 - 69,5994,6604,,
REGION II (CAGAYAN VALLEY),NUEVA VIZCAYA,60 - 64,8727,8730,,
REGION II (CAGAYAN VALLEY),NUEVA VIZCAYA,55 - 59,10684,10235,,
REGION II (CAGAYAN VALLEY),NUEVA VIZCAYA,50 - 54,12466,11353,,
REGION II (CAGAYAN VALLEY),NUEVA VIZCAYA,45 - 49,13636,12344,,
REGION II (CAGAYAN VALLEY),NUEVA VIZCAYA,40 - 44,16103,14248,,
REGION II (CAGAYAN VALLEY),NUEVA VIZCAYA,35 - 39,17914,15618,,
REGION II (CAGAYAN VALLEY),NUEVA VIZCAYA,15 - 19,24218,23107,,
REGION II (CAGAYAN VALLEY),NUEVA VIZCAYA,25 - 29,21175,19496,,
REGION II (CAGAYAN VALLEY),NUEVA VIZCAYA,20 - 24,22982,21126,,
REGION II (CAGAYAN VALLEY),NUEVA VIZCAYA,10 - 14,25020,23767,,
REGION II (CAGAYAN VALLEY),NUEVA VIZCAYA,5 - 9,26100,24044,,
REGION II (CAGAYAN VALLEY),NUEVA VIZCAYA,70 - 74,3570,4449,,
REGION II (CAGAYAN VALLEY),NUEVA VIZCAYA,0 - 4,23838,22233,,
REGION II (CAGAYAN VALLEY),NUEVA VIZCAYA,30 - 34,19509,17500,,
REGION II (CAGAYAN VALLEY),NUEVA VIZCAYA,75 - 79,1735,2537,,
REGION II (CAGAYAN VALLEY),NUEVA VIZCAYA,>= 80,1834,3650,,
MIMAROPA REGION,OCCIDENTAL MINDORO,50 - 54,11476,10759,,
MIMAROPA REGION,OCCIDENTAL MINDORO,25 - 29,19971,19182,,
MIMAROPA REGION,OCCIDENTAL MINDORO,20 - 24,23487,22195,,
MIMAROPA REGION,OCCIDENTAL MINDORO,15 - 19,28443,27118,,
MIMAROPA REGION,OCCIDENTAL MINDORO,10 - 14,31434,28894,,
MIMAROPA REGION,OCCIDENTAL MINDORO,5 - 9,31779,29322,,
MIMAROPA REGION,OCCIDENTAL MINDORO,0 - 4,30098,27929,,
MIMAROPA REGION,OCCIDENTAL MINDORO,40 - 44,15121,13714,,
MIMAROPA REGION,OCCIDENTAL MINDORO,30 - 34,17844,16518,,
MIMAROPA REGION,OCCIDENTAL MINDORO,45 - 49,13414,12365,,
MIMAROPA REGION,OCCIDENTAL MINDORO,35 - 39,16507,15348,,
MIMAROPA REGION,OCCIDENTAL MINDORO,>= 80,1472,2642,,
MIMAROPA REGION,OCCIDENTAL MINDORO,75 - 79,1779,2352,,
MIMAROPA REGION,OCCIDENTAL MINDORO,70 - 74,3218,3954,,
MIMAROPA REGION,OCCIDENTAL MINDORO,65 - 69,4957,5335,,
MIMAROPA REGION,OCCIDENTAL MINDORO,60 - 64,7319,7311,,
MIMAROPA REGION,OCCIDENTAL MINDORO,55 - 59,9425,8762,,
MIMAROPA REGION,ORIENTAL MINDORO,15 - 19,47845,45649,,
MIMAROPA REGION,ORIENTAL MINDORO,5 - 9,50999,47118,,
MIMAROPA REGION,ORIENTAL MINDORO,25 - 29,35987,34965,,
MIMAROPA REGION,ORIENTAL MINDORO,30 - 34,31775,31019,,
MIMAROPA REGION,ORIENTAL MINDORO,0 - 4,47829,44697,,
MIMAROPA REGION,ORIENTAL MINDORO,35 - 39,29023,27631,,
MIMAROPA REGION,ORIENTAL MINDORO,50 - 54,20764,20061,,
MIMAROPA REGION,ORIENTAL MINDORO,10 - 14,51307,48460,,
MIMAROPA REGION,ORIENTAL MINDORO,20 - 24,40859,39151,,
MIMAROPA REGION,ORIENTAL MINDORO,45 - 49,23870,22435,,
MIMAROPA REGION,ORIENTAL MINDORO,60 - 64,13889,14771,,
MIMAROPA REGION,ORIENTAL MINDORO,65 - 69,9527,10873,,
MIMAROPA REGION,ORIENTAL MINDORO,70 - 74,5648,7877,,
MIMAROPA REGION,ORIENTAL MINDORO,75 - 79,2934,4947,,
MIMAROPA REGION,ORIENTAL MINDORO,>= 80,2455,5623,,
MIMAROPA REGION,ORIENTAL MINDORO,55 - 59,17165,17061,,
MIMAROPA REGION,ORIENTAL MINDORO,40 - 44,27027,25420,,
MIMAROPA REGION,PALAWAN,55 - 59,21828,19862,,
MIMAROPA REGION,PALAWAN,50 - 54,25702,23489,,
MIMAROPA REGION,PALAWAN,45 - 49,30831,27555,,
MIMAROPA REGION,PALAWAN,40 - 44,35774,32215,,
MIMAROPA REGION,PALAWAN,35 - 39,41040,37537,,
MIMAROPA REGION,PALAWAN,20 - 24,61825,59269,,
MIMAROPA REGION,PALAWAN,15 - 19,66416,64293,,
MIMAROPA REGION,PALAWAN,10 - 14,70817,66165,,
MIMAROPA REGION,PALAWAN,5 - 9,72120,67834,,
MIMAROPA REGION,PALAWAN,0 - 4,67338,62799,,
MIMAROPA REGION,PALAWAN,25 - 29,53326,51398,,
MIMAROPA REGION,PALAWAN,30 - 34,45517,42511,,
MIMAROPA REGION,PALAWAN,65 - 69,11767,11727,,
MIMAROPA REGION,PALAWAN,75 - 79,4110,5020,,
MIMAROPA REGION,PALAWAN,60 - 64,16911,16232,,
MIMAROPA REGION,PALAWAN,>= 80,3373,5380,,
MIMAROPA REGION,PALAWAN,70 - 74,7414,7885,,
REGION III (CENTRAL LUZON),PAMPANGA,5 - 9,142325,132467,,
REGION III (CENTRAL LUZON),PAMPANGA,10 - 14,143704,133226,,
REGION III (CENTRAL LUZON),PAMPANGA,15 - 19,139809,132358,,
REGION III (CENTRAL LUZON),PAMPANGA,20 - 24,143427,137935,,
REGION III (CENTRAL LUZON),PAMPANGA,25 - 29,129531,126063,,
REGION III (CENTRAL LUZON),PAMPANGA,30 - 34,113549,110312,,
REGION III (CENTRAL LUZON),PAMPANGA,35 - 39,100240,98015,,
REGION III (CENTRAL LUZON),PAMPANGA,45 - 49,78658,74931,,
REGION III (CENTRAL LUZON),PAMPANGA,50 - 54,70628,69165,,
REGION III (CENTRAL LUZON),PAMPANGA,55 - 59,56045,55061,,
REGION III (CENTRAL LUZON),PAMPANGA,60 - 64,44187,45342,,
REGION III (CENTRAL LUZON),PAMPANGA,65 - 69,29499,32661,,
REGION III (CENTRAL LUZON),PAMPANGA,70 - 74,19922,24312,,
REGION III (CENTRAL LUZON),PAMPANGA,75 - 79,9593,13861,,
REGION III (CENTRAL LUZON),PAMPANGA,40 - 44,93130,89808,,
REGION III (CENTRAL LUZON),PAMPANGA,>= 80,8286,15879,,
REGION III (CENTRAL LUZON),PAMPANGA,0 - 4,144432,135948,,
REGION I (ILOCOS REGION),PANGASINAN,0 - 4,161830,150535,,
REGION I (ILOCOS REGION),PANGASINAN,70 - 74,25268,33773,,
REGION I (ILOCOS REGION),PANGASINAN,65 - 69,36424,41826,,
REGION I (ILOCOS REGION),PANGASINAN,60 - 64,52175,54275,,
REGION I (ILOCOS REGION),PANGASINAN,55 - 59,63893,63281,,
REGION I (ILOCOS REGION),PANGASINAN,50 - 54,76528,73758,,
REGION I (ILOCOS REGION),PANGASINAN,45 - 49,85350,80364,,
REGION I (ILOCOS REGION),PANGASINAN,75 - 79,13385,21960,,
REGION I (ILOCOS REGION),PANGASINAN,40 - 44,96297,90616,,
REGION I (ILOCOS REGION),PANGASINAN,30 - 34,114109,107887,,
REGION I (ILOCOS REGION),PANGASINAN,25 - 29,128908,121122,,
REGION I (ILOCOS REGION),PANGASINAN,20 - 24,143490,135436,,
REGION I (ILOCOS REGION),PANGASINAN,15 - 19,158905,149038,,
REGION I (ILOCOS REGION),PANGASINAN,10 - 14,165362,152756,,
REGION I (ILOCOS REGION),PANGASINAN,5 - 9,165131,152548,,
REGION I (ILOCOS REGION),PANGASINAN,35 - 39,105009,100090,,
REGION I (ILOCOS REGION),PANGASINAN,>= 80,12051,25848,,
REGION IV-A (CALABARZON),QUEZON,>= 80,5652,13475,,
REGION IV-A (CALABARZON),QUEZON,5 - 9,124064,115489,,
REGION IV-A (CALABARZON),QUEZON,10 - 14,124524,117194,,
REGION IV-A (CALABARZON),QUEZON,15 - 19,114799,108639,,
REGION IV-A (CALABARZON),QUEZON,20 - 24,101520,95212,,
REGION IV-A (CALABARZON),QUEZON,25 - 29,87647,83634,,
REGION IV-A (CALABARZON),QUEZON,30 - 34,77540,73985,,
REGION IV-A (CALABARZON),QUEZON,35 - 39,70117,66523,,
REGION IV-A (CALABARZON),QUEZON,40 - 44,65649,62064,,
REGION IV-A (CALABARZON),QUEZON,45 - 49,57919,54935,,
REGION IV-A (CALABARZON),QUEZON,50 - 54,53086,51593,,
REGION IV-A (CALABARZON),QUEZON,55 - 59,45305,44038,,
REGION IV-A (CALABARZON),QUEZON,60 - 64,36034,37535,,
REGION IV-A (CALABARZON),QUEZON,65 - 69,24240,27906,,
REGION IV-A (CALABARZON),QUEZON,70 - 74,13826,19078,,
REGION IV-A (CALABARZON),QUEZON,0 - 4,118877,111802,,
REGION IV-A (CALABARZON),QUEZON,75 - 79,7263,12627,,
REGION II (CAGAYAN VALLEY),QUIRINO,35 - 39,7316,6482,,
REGION II (CAGAYAN VALLEY),QUIRINO,5 - 9,10716,9893,,
REGION II (CAGAYAN VALLEY),QUIRINO,0 - 4,9661,9193,,
REGION II (CAGAYAN VALLEY),QUIRINO,75 - 79,720,962,,
REGION II (CAGAYAN VALLEY),QUIRINO,70 - 74,1346,1570,,
REGION II (CAGAYAN VALLEY),QUIRINO,65 - 69,2386,2367,,
REGION II (CAGAYAN VALLEY),QUIRINO,60 - 64,3457,3316,,
REGION II (CAGAYAN VALLEY),QUIRINO,55 - 59,4209,4001,,
REGION II (CAGAYAN VALLEY),QUIRINO,50 - 54,5063,4406,,
REGION II (CAGAYAN VALLEY),QUIRINO,>= 80,678,1229,,
REGION II (CAGAYAN VALLEY),QUIRINO,40 - 44,6702,5994,,
REGION II (CAGAYAN VALLEY),QUIRINO,30 - 34,7905,7121,,
REGION II (CAGAYAN VALLEY),QUIRINO,25 - 29,8836,7947,,
REGION II (CAGAYAN VALLEY),QUIRINO,20 - 24,9363,8716,,
REGION II (CAGAYAN VALLEY),QUIRINO,15 - 19,10256,9503,,
REGION II (CAGAYAN VALLEY),QUIRINO,45 - 49,5833,5181,,
REGION II (CAGAYAN VALLEY),QUIRINO,10 - 14,10922,10280,,
REGION IV-A (CALABARZON),RIZAL,75 - 79,7631,12521,,
REGION IV-A (CALABARZON),RIZAL,>= 80,5411,12173,,
REGION IV-A (CALABARZON),RIZAL,60 - 64,46720,52041,,
REGION IV-A (CALABARZON),RIZAL,55 - 59,60115,63315,,
REGION IV-A (CALABARZON),RIZAL,50 - 54,75565,76889,,
REGION IV-A (CALABARZON),RIZAL,45 - 49,90692,88373,,
REGION IV-A (CALABARZON),RIZAL,30 - 34,136918,131392,,
REGION IV-A (CALABARZON),RIZAL,35 - 39,122700,121140,,
REGION IV-A (CALABARZON),RIZAL,70 - 74,16968,22890,,
REGION IV-A (CALABARZON),RIZAL,25 - 29,145339,142054,,
REGION IV-A (CALABARZON),RIZAL,20 - 24,155785,150976,,
REGION IV-A (CALABARZON),RIZAL,15 - 19,155306,148829,,
REGION IV-A (CALABARZON),RIZAL,10 - 14,167721,157190,,
REGION IV-A (CALABARZON),RIZAL,5 - 9,173980,161340,,
REGION IV-A (CALABARZON),RIZAL,0 - 4,170988,161892,,
REGION IV-A (CALABARZON),RIZAL,40 - 44,111531,109011,,
REGION IV-A (CALABARZON),RIZAL,65 - 69,29738,36191,,
MIMAROPA REGION,ROMBLON,0 - 4,14320,13483,,
MIMAROPA REGION,ROMBLON,10 - 14,18027,16595,,
MIMAROPA REGION,ROMBLON,15 - 19,17267,16395,,
MIMAROPA REGION,ROMBLON,20 - 24,14433,13031,,
MIMAROPA REGION,ROMBLON,30 - 34,10026,9361,,
MIMAROPA REGION,ROMBLON,35 - 39,8968,8531,,
MIMAROPA REGION,ROMBLON,40 - 44,8342,7732,,
MIMAROPA REGION,ROMBLON,45 - 49,8018,7512,,
MIMAROPA REGION,ROMBLON,50 - 54,7606,7343,,
MIMAROPA REGION,ROMBLON,55 - 59,6595,6663,,
MIMAROPA REGION,ROMBLON,60 - 64,5470,5721,,
MIMAROPA REGION,ROMBLON,65 - 69,3526,4363,,
MIMAROPA REGION,ROMBLON,70 - 74,2239,3503,,
MIMAROPA REGION,ROMBLON,5 - 9,16736,15441,,
MIMAROPA REGION,ROMBLON,25 - 29,11238,10657,,
MIMAROPA REGION,ROMBLON,75 - 79,1641,2766,,
MIMAROPA REGION,ROMBLON,>= 80,1271,3252,,
REGION VIII (EASTERN VISAYAS),SAMAR (WESTERN SAMAR),0 - 4,44028,41365,,
REGION VIII (EASTERN VISAYAS),SAMAR (WESTERN SAMAR),70 - 74,5580,7164,,
REGION VIII (EASTERN VISAYAS),SAMAR (WESTERN SAMAR),65 - 69,8336,8818,,
REGION VIII (EASTERN VISAYAS),SAMAR (WESTERN SAMAR),60 - 64,12129,11770,,
REGION VIII (EASTERN VISAYAS),SAMAR (WESTERN SAMAR),55 - 59,15026,13903,,
REGION VIII (EASTERN VISAYAS),SAMAR (WESTERN SAMAR),50 - 54,18306,16783,,
REGION VIII (EASTERN VISAYAS),SAMAR (WESTERN SAMAR),45 - 49,20518,18557,,
REGION VIII (EASTERN VISAYAS),SAMAR (WESTERN SAMAR),40 - 44,21538,19391,,
REGION VIII (EASTERN VISAYAS),SAMAR (WESTERN SAMAR),35 - 39,22226,20238,,
REGION VIII (EASTERN VISAYAS),SAMAR (WESTERN SAMAR),30 - 34,24949,22254,,
REGION VIII (EASTERN VISAYAS),SAMAR (WESTERN SAMAR),25 - 29,30755,28157,,
REGION VIII (EASTERN VISAYAS),SAMAR (WESTERN SAMAR),20 - 24,38132,35592,,
REGION VIII (EASTERN VISAYAS),SAMAR (WESTERN SAMAR),15 - 19,45527,43481,,
REGION VIII (EASTERN VISAYAS),SAMAR (WESTERN SAMAR),10 - 14,45907,43302,,
REGION VIII (EASTERN VISAYAS),SAMAR (WESTERN SAMAR),75 - 79,3708,5045,,
REGION VIII (EASTERN VISAYAS),SAMAR (WESTERN SAMAR),>= 80,2979,4881,,
REGION VIII (EASTERN VISAYAS),SAMAR (WESTERN SAMAR),5 - 9,47145,43555,,
REGION XII (SOCCSKSARGEN),SARANGANI,75 - 79,1597,1927,,
REGION XII (SOCCSKSARGEN),SARANGANI,5 - 9,34417,32384,,
REGION XII (SOCCSKSARGEN),SARANGANI,10 - 14,32953,31545,,
REGION XII (SOCCSKSARGEN),SARANGANI,15 - 19,30137,28947,,
REGION XII (SOCCSKSARGEN),SARANGANI,20 - 24,26647,24891,,
REGION XII (SOCCSKSARGEN),SARANGANI,25 - 29,23944,22067,,
REGION XII (SOCCSKSARGEN),SARANGANI,30 - 34,21147,18445,,
REGION XII (SOCCSKSARGEN),SARANGANI,0 - 4,33381,31608,,
REGION XII (SOCCSKSARGEN),SARANGANI,35 - 39,18006,15806,,
REGION XII (SOCCSKSARGEN),SARANGANI,45 - 49,13989,12711,,
REGION XII (SOCCSKSARGEN),SARANGANI,50 - 54,11612,10360,,
REGION XII (SOCCSKSARGEN),SARANGANI,55 - 59,9045,8324,,
REGION XII (SOCCSKSARGEN),SARANGANI,60 - 64,6921,6597,,
REGION XII (SOCCSKSARGEN),SARANGANI,65 - 69,4737,4618,,
REGION XII (SOCCSKSARGEN),SARANGANI,70 - 74,2732,3059,,
REGION XII (SOCCSKSARGEN),SARANGANI,40 - 44,16083,14065,,
REGION XII (SOCCSKSARGEN),SARANGANI,>= 80,1374,1993,,
REGION VII (CENTRAL VISAYAS),SIQUIJOR,40 - 44,3265,3040,,
REGION VII (CENTRAL VISAYAS),SIQUIJOR,75 - 79,887,1189,,
REGION VII (CENTRAL VISAYAS),SIQUIJOR,>= 80,744,1429,,
REGION VII (CENTRAL VISAYAS),SIQUIJOR,0 - 4,4156,3881,,
REGION VII (CENTRAL VISAYAS),SIQUIJOR,5 - 9,4589,4455,,
REGION VII (CENTRAL VISAYAS),SIQUIJOR,10 - 14,4769,4468,,
REGION VII (CENTRAL VISAYAS),SIQUIJOR,20 - 24,4242,3993,,
REGION VII (CENTRAL VISAYAS),SIQUIJOR,25 - 29,3998,3799,,
REGION VII (CENTRAL VISAYAS),SIQUIJOR,30 - 34,3680,3550,,
REGION VII (CENTRAL VISAYAS),SIQUIJOR,15 - 19,4841,4612,,
REGION VII (CENTRAL VISAYAS),SIQUIJOR,45 - 49,3051,2899,,
REGION VII (CENTRAL VISAYAS),SIQUIJOR,50 - 54,2871,2627,,
REGION VII (CENTRAL VISAYAS),SIQUIJOR,55 - 59,2484,2452,,
REGION VII (CENTRAL VISAYAS),SIQUIJOR,60 - 64,2077,2208,,
REGION VII (CENTRAL VISAYAS),SIQUIJOR,65 - 69,1673,1793,,
REGION VII (CENTRAL VISAYAS),SIQUIJOR,70 - 74,1115,1447,,
REGION VII (CENTRAL VISAYAS),SIQUIJOR,35 - 39,3474,3256,,
REGION V (BICOL REGION),SORSOGON,45 - 49,20488,19604,,
REGION V (BICOL REGION),SORSOGON,70 - 74,5813,8002,,
REGION V (BICOL REGION),SORSOGON,65 - 69,8625,10166,,
REGION V (BICOL REGION),SORSOGON,60 - 64,12617,13092,,
REGION V (BICOL REGION),SORSOGON,55 - 59,15832,15802,,
REGION V (BICOL REGION),SORSOGON,50 - 54,19198,18828,,
REGION V (BICOL REGION),SORSOGON,40 - 44,22867,21808,,
REGION V (BICOL REGION),SORSOGON,0 - 4,46796,43384,,
REGION V (BICOL REGION),SORSOGON,30 - 34,25893,24504,,
REGION V (BICOL REGION),SORSOGON,25 - 29,30270,28760,,
REGION V (BICOL REGION),SORSOGON,20 - 24,37803,35095,,
REGION V (BICOL REGION),SORSOGON,15 - 19,46837,44214,,
REGION V (BICOL REGION),SORSOGON,10 - 14,47631,43400,,
REGION V (BICOL REGION),SORSOGON,5 - 9,49618,44955,,
REGION V (BICOL REGION),SORSOGON,35 - 39,23517,22425,,
REGION V (BICOL REGION),SORSOGON,75 - 79,3519,5857,,
REGION V (BICOL REGION),SORSOGON,>= 80,2726,6204,,
REGION XII (SOCCSKSARGEN),SOUTH COTABATO,75 - 79,4463,6886,,
REGION XII (SOCCSKSARGEN),SOUTH COTABATO,65 - 69,14596,16648,,
REGION XII (SOCCSKSARGEN),SOUTH COTABATO,60 - 64,21768,23122,,
REGION XII (SOCCSKSARGEN),SOUTH COTABATO,55 - 59,28732,28749,,
REGION XII (SOCCSKSARGEN),SOUTH COTABATO,50 - 54,36740,35699,,
REGION XII (SOCCSKSARGEN),SOUTH COTABATO,45 - 49,43922,41395,,
REGION XII (SOCCSKSARGEN),SOUTH COTABATO,40 - 44,51963,48507,,
REGION XII (SOCCSKSARGEN),SOUTH COTABATO,>= 80,3644,7105,,
REGION XII (SOCCSKSARGEN),SOUTH COTABATO,35 - 39,56979,52736,,
REGION XII (SOCCSKSARGEN),SOUTH COTABATO,25 - 29,74078,70544,,
REGION XII (SOCCSKSARGEN),SOUTH COTABATO,20 - 24,79481,77726,,
REGION XII (SOCCSKSARGEN),SOUTH COTABATO,15 - 19,82034,79939,,
REGION XII (SOCCSKSARGEN),SOUTH COTABATO,10 - 14,90142,85435,,
REGION XII (SOCCSKSARGEN),SOUTH COTABATO,5 - 9,93903,86976,,
REGION XII (SOCCSKSARGEN),SOUTH COTABATO,0 - 4,90978,85511,,
REGION XII (SOCCSKSARGEN),SOUTH COTABATO,30 - 34,67129,61906,,
REGION XII (SOCCSKSARGEN),SOUTH COTABATO,70 - 74,8297,10823,,
REGION VIII (EASTERN VISAYAS),SOUTHERN LEYTE,5 - 9,21596,19597,,
REGION VIII (EASTERN VISAYAS),SOUTHERN LEYTE,15 - 19,22102,20722,,
REGION VIII (EASTERN VISAYAS),SOUTHERN LEYTE,20 - 24,18302,17266,,
REGION VIII (EASTERN VISAYAS),SOUTHERN LEYTE,25 - 29,15471,14797,,
REGION VIII (EASTERN VISAYAS),SOUTHERN LEYTE,30 - 34,14478,13636,,
REGION VIII (EASTERN VISAYAS),SOUTHERN LEYTE,35 - 39,13103,12577,,
REGION VIII (EASTERN VISAYAS),SOUTHERN LEYTE,40 - 44,12909,12251,,
REGION VIII (EASTERN VISAYAS),SOUTHERN LEYTE,45 - 49,11595,10689,,
REGION VIII (EASTERN VISAYAS),SOUTHERN LEYTE,50 - 54,11394,10835,,
REGION VIII (EASTERN VISAYAS),SOUTHERN LEYTE,55 - 59,9885,9750,,
REGION VIII (EASTERN VISAYAS),SOUTHERN LEYTE,60 - 64,8412,8512,,
REGION VIII (EASTERN VISAYAS),SOUTHERN LEYTE,65 - 69,5963,6608,,
REGION VIII (EASTERN VISAYAS),SOUTHERN LEYTE,70 - 74,4352,5336,,
REGION VIII (EASTERN VISAYAS),SOUTHERN LEYTE,75 - 79,2716,3797,,
REGION VIII (EASTERN VISAYAS),SOUTHERN LEYTE,>= 80,2397,4281,,
REGION VIII (EASTERN VISAYAS),SOUTHERN LEYTE,0 - 4,20710,18919,,
REGION VIII (EASTERN VISAYAS),SOUTHERN LEYTE,10 - 14,22668,20858,,
REGION XII (SOCCSKSARGEN),SULTAN KUDARAT,70 - 74,4366,5227,,
REGION XII (SOCCSKSARGEN),SULTAN KUDARAT,0 - 4,48827,46154,,
REGION XII (SOCCSKSARGEN),SULTAN KUDARAT,75 - 79,2236,3301,,
REGION XII (SOCCSKSARGEN),SULTAN KUDARAT,65 - 69,7092,7717,,
REGION XII (SOCCSKSARGEN),SULTAN KUDARAT,60 - 64,10416,10563,,
REGION XII (SOCCSKSARGEN),SULTAN KUDARAT,55 - 59,13733,12593,,
REGION XII (SOCCSKSARGEN),SULTAN KUDARAT,50 - 54,17930,16277,,
REGION XII (SOCCSKSARGEN),SULTAN KUDARAT,45 - 49,21398,19101,,
REGION XII (SOCCSKSARGEN),SULTAN KUDARAT,40 - 44,24693,22247,,
REGION XII (SOCCSKSARGEN),SULTAN KUDARAT,>= 80,2016,3732,,
REGION XII (SOCCSKSARGEN),SULTAN KUDARAT,30 - 34,32155,30123,,
REGION XII (SOCCSKSARGEN),SULTAN KUDARAT,25 - 29,36334,34564,,
REGION XII (SOCCSKSARGEN),SULTAN KUDARAT,20 - 24,41113,40016,,
REGION XII (SOCCSKSARGEN),SULTAN KUDARAT,15 - 19,45920,45087,,
REGION XII (SOCCSKSARGEN),SULTAN KUDARAT,10 - 14,49022,46738,,
REGION XII (SOCCSKSARGEN),SULTAN KUDARAT,5 - 9,50672,47682,,
REGION XII (SOCCSKSARGEN),SULTAN KUDARAT,35 - 39,27305,25204,,
AUTONOMOUS REGION IN MUSLIM MINDANAO (ARMM),SULU,0 - 4,65509,64922,,
AUTONOMOUS REGION IN MUSLIM MINDANAO (ARMM),SULU,>= 80,1180,1434,,
AUTONOMOUS REGION IN MUSLIM MINDANAO (ARMM),SULU,75 - 79,1293,1434,,
AUTONOMOUS REGION IN MUSLIM MINDANAO (ARMM),SULU,70 - 74,2805,2664,,
AUTONOMOUS REGION IN MUSLIM MINDANAO (ARMM),SULU,65 - 69,4581,4709,,
AUTONOMOUS REGION IN MUSLIM MINDANAO (ARMM),SULU,60 - 64,6956,6090,,
AUTONOMOUS REGION IN MUSLIM MINDANAO (ARMM),SULU,55 - 59,9731,9020,,
AUTONOMOUS REGION IN MUSLIM MINDANAO (ARMM),SULU,50 - 54,15318,13332,,
AUTONOMOUS REGION IN MUSLIM MINDANAO (ARMM),SULU,30 - 34,30674,32180,,
AUTONOMOUS REGION IN MUSLIM MINDANAO (ARMM),SULU,40 - 44,25322,25269,,
AUTONOMOUS REGION IN MUSLIM MINDANAO (ARMM),SULU,35 - 39,28170,30307,,
AUTONOMOUS REGION IN MUSLIM MINDANAO (ARMM),SULU,25 - 29,40196,44148,,
AUTONOMOUS REGION IN MUSLIM MINDANAO (ARMM),SULU,20 - 24,49096,51635,,
AUTONOMOUS REGION IN MUSLIM MINDANAO (ARMM),SULU,15 - 19,60204,61917,,
AUTONOMOUS REGION IN MUSLIM MINDANAO (ARMM),SULU,5 - 9,67916,67474,,
AUTONOMOUS REGION IN MUSLIM MINDANAO (ARMM),SULU,45 - 49,21620,21051,,
AUTONOMOUS REGION IN MUSLIM MINDANAO (ARMM),SULU,10 - 14,65431,65087,,
REGION XIII (CARAGA),SURIGAO DEL NORTE,>= 80,1842,3559,,
REGION XIII (CARAGA),SURIGAO DEL NORTE,0 - 4,26720,24807,,
REGION XIII (CARAGA),SURIGAO DEL NORTE,10 - 14,28016,26184,,
REGION XIII (CARAGA),SURIGAO DEL NORTE,15 - 19,28668,27301,,
REGION XIII (CARAGA),SURIGAO DEL NORTE,20 - 24,25857,24265,,
REGION XIII (CARAGA),SURIGAO DEL NORTE,25 - 29,21984,20376,,
REGION XIII (CARAGA),SURIGAO DEL NORTE,30 - 34,19442,17911,,
REGION XIII (CARAGA),SURIGAO DEL NORTE,35 - 39,17134,15449,,
REGION XIII (CARAGA),SURIGAO DEL NORTE,40 - 44,15491,14480,,
REGION XIII (CARAGA),SURIGAO DEL NORTE,45 - 49,14040,13292,,
REGION XIII (CARAGA),SURIGAO DEL NORTE,50 - 54,12270,12145,,
REGION XIII (CARAGA),SURIGAO DEL NORTE,55 - 59,10426,10599,,
REGION XIII (CARAGA),SURIGAO DEL NORTE,60 - 64,8250,8700,,
REGION XIII (CARAGA),SURIGAO DEL NORTE,65 - 69,5579,6571,,
REGION XIII (CARAGA),SURIGAO DEL NORTE,70 - 74,3547,4785,,
REGION XIII (CARAGA),SURIGAO DEL NORTE,75 - 79,2375,3672,,
REGION XIII (CARAGA),SURIGAO DEL NORTE,5 - 9,28972,27044,,
REGION XIII (CARAGA),SURIGAO DEL SUR,5 - 9,37690,34777,,
REGION XIII (CARAGA),SURIGAO DEL SUR,75 - 79,2790,3721,,
REGION XIII (CARAGA),SURIGAO DEL SUR,70 - 74,4635,5406,,
REGION XIII (CARAGA),SURIGAO DEL SUR,65 - 69,7435,7774,,
REGION XIII (CARAGA),SURIGAO DEL SUR,60 - 64,10506,10604,,
REGION XIII (CARAGA),SURIGAO DEL SUR,55 - 59,12929,12690,,
REGION XIII (CARAGA),SURIGAO DEL SUR,50 - 54,14932,14089,,
REGION XIII (CARAGA),SURIGAO DEL SUR,45 - 49,16099,15060,,
REGION XIII (CARAGA),SURIGAO DEL SUR,40 - 44,17836,16182,,
REGION XIII (CARAGA),SURIGAO DEL SUR,35 - 39,20292,17672,,
REGION XIII (CARAGA),SURIGAO DEL SUR,30 - 34,23405,20572,,
REGION XIII (CARAGA),SURIGAO DEL SUR,25 - 29,26111,24029,,
REGION XIII (CARAGA),SURIGAO DEL SUR,20 - 24,28986,27083,,
REGION XIII (CARAGA),SURIGAO DEL SUR,15 - 19,33439,31687,,
REGION XIII (CARAGA),SURIGAO DEL SUR,10 - 14,35554,33780,,
REGION XIII (CARAGA),SURIGAO DEL SUR,>= 80,2318,4044,,
REGION XIII (CARAGA),SURIGAO DEL SUR,0 - 4,34342,32043,,
REGION III (CENTRAL LUZON),TARLAC,60 - 64,24637,25343,,
REGION III (CENTRAL LUZON),TARLAC,>= 80,5098,10640,,
REGION III (CENTRAL LUZON),TARLAC,0 - 4,76227,71188,,
REGION III (CENTRAL LUZON),TARLAC,5 - 9,79487,72653,,
REGION III (CENTRAL LUZON),TARLAC,10 - 14,79108,73219,,
REGION III (CENTRAL LUZON),TARLAC,15 - 19,72252,67492,,
REGION III (CENTRAL LUZON),TARLAC,20 - 24,68336,64248,,
REGION III (CENTRAL LUZON),TARLAC,30 - 34,55219,52788,,
REGION III (CENTRAL LUZON),TARLAC,35 - 39,49901,48040,,
REGION III (CENTRAL LUZON),TARLAC,25 - 29,62247,58836,,
REGION III (CENTRAL LUZON),TARLAC,45 - 49,41534,39067,,
REGION III (CENTRAL LUZON),TARLAC,50 - 54,37126,36225,,
REGION III (CENTRAL LUZON),TARLAC,55 - 59,30723,29977,,
REGION III (CENTRAL LUZON),TARLAC,65 - 69,16798,19113,,
REGION III (CENTRAL LUZON),TARLAC,70 - 74,11464,14665,,
REGION III (CENTRAL LUZON),TARLAC,75 - 79,5873,9006,,
REGION III (CENTRAL LUZON),TARLAC,40 - 44,46407,44127,,
AUTONOMOUS REGION IN MUSLIM MINDANAO (ARMM),TAWI-TAWI,15 - 19,23097,22940,,
AUTONOMOUS REGION IN MUSLIM MINDANAO (ARMM),TAWI-TAWI,40 - 44,11908,11706,,
AUTONOMOUS REGION IN MUSLIM MINDANAO (ARMM),TAWI-TAWI,20 - 24,19538,19611,,
AUTONOMOUS REGION IN MUSLIM MINDANAO (ARMM),TAWI-TAWI,25 - 29,17217,18849,,
AUTONOMOUS REGION IN MUSLIM MINDANAO (ARMM),TAWI-TAWI,30 - 34,14744,15377,,
AUTONOMOUS REGION IN MUSLIM MINDANAO (ARMM),TAWI-TAWI,35 - 39,13437,14314,,
AUTONOMOUS REGION IN MUSLIM MINDANAO (ARMM),TAWI-TAWI,45 - 49,10043,9245,,
AUTONOMOUS REGION IN MUSLIM MINDANAO (ARMM),TAWI-TAWI,0 - 4,35669,33536,,
AUTONOMOUS REGION IN MUSLIM MINDANAO (ARMM),TAWI-TAWI,55 - 59,4815,4075,,
AUTONOMOUS REGION IN MUSLIM MINDANAO (ARMM),TAWI-TAWI,60 - 64,3413,2913,,
AUTONOMOUS REGION IN MUSLIM MINDANAO (ARMM),TAWI-TAWI,65 - 69,2578,2217,,
AUTONOMOUS REGION IN MUSLIM MINDANAO (ARMM),TAWI-TAWI,70 - 74,1395,1233,,
AUTONOMOUS REGION IN MUSLIM MINDANAO (ARMM),TAWI-TAWI,75 - 79,688,636,,
AUTONOMOUS REGION IN MUSLIM MINDANAO (ARMM),TAWI-TAWI,>= 80,479,579,,
AUTONOMOUS REGION IN MUSLIM MINDANAO (ARMM),TAWI-TAWI,10 - 14,25809,25494,,
AUTONOMOUS REGION IN MUSLIM MINDANAO (ARMM),TAWI-TAWI,50 - 54,7227,5952,,
AUTONOMOUS REGION IN MUSLIM MINDANAO (ARMM),TAWI-TAWI,5 - 9,29317,28494,,
REGION III (CENTRAL LUZON),ZAMBALES,65 - 69,10309,12334,,
REGION III (CENTRAL LUZON),ZAMBALES,>= 80,2775,6350,,
REGION III (CENTRAL LUZON),ZAMBALES,0 - 4,43006,39579,,
REGION III (CENTRAL LUZON),ZAMBALES,5 - 9,45961,42412,,
REGION III (CENTRAL LUZON),ZAMBALES,10 - 14,45525,42992,,
REGION III (CENTRAL LUZON),ZAMBALES,15 - 19,44173,41385,,
REGION III (CENTRAL LUZON),ZAMBALES,25 - 29,38073,36746,,
REGION III (CENTRAL LUZON),ZAMBALES,30 - 34,35119,33894,,
REGION III (CENTRAL LUZON),ZAMBALES,35 - 39,30368,30178,,
REGION III (CENTRAL LUZON),ZAMBALES,20 - 24,42609,41110,,
REGION III (CENTRAL LUZON),ZAMBALES,45 - 49,24618,23669,,
REGION III (CENTRAL LUZON),ZAMBALES,50 - 54,22673,22440,,
REGION III (CENTRAL LUZON),ZAMBALES,55 - 59,18867,19212,,
REGION III (CENTRAL LUZON),ZAMBALES,60 - 64,15120,15998,,
REGION III (CENTRAL LUZON),ZAMBALES,70 - 74,6953,9226,,
REGION III (CENTRAL LUZON),ZAMBALES,75 - 79,3256,5288,,
REGION III (CENTRAL LUZON),ZAMBALES,40 - 44,27196,26770,,
REGION IX (ZAMBOANGA PENINSULA),ZAMBOANGA DEL NORTE,75 - 79,4605,5887,,
REGION IX (ZAMBOANGA PENINSULA),ZAMBOANGA DEL NORTE,40 - 44,28742,26178,,
REGION IX (ZAMBOANGA PENINSULA),ZAMBOANGA DEL NORTE,70 - 74,7151,8385,,
REGION IX (ZAMBOANGA PENINSULA),ZAMBOANGA DEL NORTE,65 - 69,11774,12439,,
REGION IX (ZAMBOANGA PENINSULA),ZAMBOANGA DEL NORTE,60 - 64,16169,16107,,
REGION IX (ZAMBOANGA PENINSULA),ZAMBOANGA DEL NORTE,55 - 59,20433,19095,,
REGION IX (ZAMBOANGA PENINSULA),ZAMBOANGA DEL NORTE,50 - 54,23664,22395,,
REGION IX (ZAMBOANGA PENINSULA),ZAMBOANGA DEL NORTE,45 - 49,26399,24735,,
REGION IX (ZAMBOANGA PENINSULA),ZAMBOANGA DEL NORTE,35 - 39,31138,28214,,
REGION IX (ZAMBOANGA PENINSULA),ZAMBOANGA DEL NORTE,>= 80,3824,6167,,
REGION IX (ZAMBOANGA PENINSULA),ZAMBOANGA DEL NORTE,25 - 29,41104,38516,,
REGION IX (ZAMBOANGA PENINSULA),ZAMBOANGA DEL NORTE,20 - 24,46938,45010,,
REGION IX (ZAMBOANGA PENINSULA),ZAMBOANGA DEL NORTE,15 - 19,54855,52186,,
REGION IX (ZAMBOANGA PENINSULA),ZAMBOANGA DEL NORTE,10 - 14,59270,55982,,
REGION IX (ZAMBOANGA PENINSULA),ZAMBOANGA DEL NORTE,5 - 9,62380,57866,,
REGION IX (ZAMBOANGA PENINSULA),ZAMBOANGA DEL NORTE,0 - 4,62002,58424,,
REGION IX (ZAMBOANGA PENINSULA),ZAMBOANGA DEL NORTE,30 - 34,35593,32390,,
REGION IX (ZAMBOANGA PENINSULA),ZAMBOANGA DEL SUR,15 - 19,103784,100993,,
REGION IX (ZAMBOANGA PENINSULA),ZAMBOANGA DEL SUR,20 - 24,96235,93737,,
REGION IX (ZAMBOANGA PENINSULA),ZAMBOANGA DEL SUR,25 - 29,85666,82332,,
REGION IX (ZAMBOANGA PENINSULA),ZAMBOANGA DEL SUR,30 - 34,73082,68732,,
REGION IX (ZAMBOANGA PENINSULA),ZAMBOANGA DEL SUR,40 - 44,58872,54547,,
REGION IX (ZAMBOANGA PENINSULA),ZAMBOANGA DEL SUR,45 - 49,50368,48061,,
REGION IX (ZAMBOANGA PENINSULA),ZAMBOANGA DEL SUR,50 - 54,43356,42960,,
REGION IX (ZAMBOANGA PENINSULA),ZAMBOANGA DEL SUR,55 - 59,36357,36081,,
REGION IX (ZAMBOANGA PENINSULA),ZAMBOANGA DEL SUR,35 - 39,63319,58856,,
REGION IX (ZAMBOANGA PENINSULA),ZAMBOANGA DEL SUR,65 - 69,20316,22474,,
REGION IX (ZAMBOANGA PENINSULA),ZAMBOANGA DEL SUR,5 - 9,116421,109741,,
REGION IX (ZAMBOANGA PENINSULA),ZAMBOANGA DEL SUR,60 - 64,28961,30542,,
REGION IX (ZAMBOANGA PENINSULA),ZAMBOANGA DEL SUR,10 - 14,111522,106728,,
REGION IX (ZAMBOANGA PENINSULA),ZAMBOANGA DEL SUR,0 - 4,110592,105904,,
REGION IX (ZAMBOANGA PENINSULA),ZAMBOANGA DEL SUR,70 - 74,11700,14916,,
REGION IX (ZAMBOANGA PENINSULA),ZAMBOANGA DEL SUR,>= 80,5519,9755,,
REGION IX (ZAMBOANGA PENINSULA),ZAMBOANGA DEL SUR,75 - 79,6276,9088,,
REGION IX (ZAMBOANGA PENINSULA),ZAMBOANGA SIBUGAY,5 - 9,41754,39076,,
REGION IX (ZAMBOANGA PENINSULA),ZAMBOANGA SIBUGAY,>= 80,2026,2953,,
REGION IX (ZAMBOANGA PENINSULA),ZAMBOANGA SIBUGAY,75 - 79,2292,2890,,
REGION IX (ZAMBOANGA PENINSULA),ZAMBOANGA SIBUGAY,70 - 74,3840,4527,,
REGION IX (ZAMBOANGA PENINSULA),ZAMBOANGA SIBUGAY,65 - 69,6724,6800,,
REGION IX (ZAMBOANGA PENINSULA),ZAMBOANGA SIBUGAY,60 - 64,9494,9406,,
REGION IX (ZAMBOANGA PENINSULA),ZAMBOANGA SIBUGAY,55 - 59,11971,11345,,
REGION IX (ZAMBOANGA PENINSULA),ZAMBOANGA SIBUGAY,45 - 49,16368,15076,,
REGION IX (ZAMBOANGA PENINSULA),ZAMBOANGA SIBUGAY,0 - 4,37576,35130,,
REGION IX (ZAMBOANGA PENINSULA),ZAMBOANGA SIBUGAY,40 - 44,18731,16767,,
REGION IX (ZAMBOANGA PENINSULA),ZAMBOANGA SIBUGAY,30 - 34,23725,22021,,
REGION IX (ZAMBOANGA PENINSULA),ZAMBOANGA SIBUGAY,25 - 29,26900,26043,,
REGION IX (ZAMBOANGA PENINSULA),ZAMBOANGA SIBUGAY,20 - 24,29498,28643,,
REGION IX (ZAMBOANGA PENINSULA),ZAMBOANGA SIBUGAY,15 - 19,36277,34867,,
REGION IX (ZAMBOANGA PENINSULA),ZAMBOANGA SIBUGAY,10 - 14,40239,38394,,
REGION IX (ZAMBOANGA PENINSULA),ZAMBOANGA SIBUGAY,50 - 54,14573,13738,,
REGION IX (ZAMBOANGA PENINSULA),ZAMBOANGA SIBUGAY,35 - 39,20368,18616,,
,,,,,,
,,,,,,
,,,,,,
,,,,,,
,,,,,,
,,,,,,
,,,,,,
,,,,,,
,,,,,,
,,,,,,
,,,,,,
,,,,,,
,,,,,,
,,,,,,
,,,,,,
,,,,,,
,,,,,,
,,,,,,
,,,,,,
,,,,,,
,,,,,,
,,,,,,
,,,,,,
,,,,,,
,,,,,,
,,,,,,
,,,,,,
,,,,,,
,,,,,,
,,,,,,
,,,,,,
,,,,,,
,,,,,,
,,,,,,
,,,,,,
,,,,,,
,,,,,,
,,,,,,
,,,,,,
,,,,,,
,,,,,,
,,,,,,
,,,,,,
,,,,,,
,,,,,,
,,,,,,
,,,,,,
,,,,,,
,,,,,,
,,,,,,
,,,,,,
,,,,,,
,,,,,,
,,,,,,
,,,,,,
,,,,,,
,,,,,,
,,,,,,
,,,,,,
,,,,,,
,,,,,,
,,,,,,
,,,,,,
,,,,,,
,,,,,,
,,,,,,
,,,,,,
,,,,,,
,,,,,,
,,,,,,
,,,,,,
,,,,,,
,,,,,,
,,,,,,
,,,,,,
,,,,,,
,,,,,,
,,,,,,
,,,,,,
,,,,,,
,,,,,,
,,,,,,
,,,,,,
,,,,,,
,,,,,,
,,,,,,
,,,,,,
,,,,,,
,,,,,,
,,,,,,
,,,,,,
,,,,,,
,,,,,,
,,,,,,
,,,,,,
,,,,,,
,,,,,,
,,,,,,
,,,,,,
,,,,,,
,,,,,,
,,,,,,
,,,,,,
,,,,,,
,,,,,,
,,,,,,
,,,,,,
,,,,,,
,,,,,,
,,,,,,
,,,,,,
,,,,,,
,,,,,,
,,,,,,
,,,,,,
,,,,,,
,,,,,,
,,,,,,
,,,,,,
,,,,,,
,,,,,,
,,,,,,
,,,,,,
,,,,,,
,,,,,,
,,,,,,
,,,,,,
,,,,,,
,,,,,,
,,,,,,
,,,,,,
,,,,,,
,,,,,,
,,,,,,
,,,,,,
,,,,,,
,,,,,,
,,,,,,
,,,,,,
,,,,,,
,,,,,,
#REF!,,,,,,
